id,proper,ra,dec,mag,con,dist,spect
88,,0.017941,-48.809876,5.71,Phe,181.8182,G8III
107,,0.022255,-50.337373,5.53,Phe,166.3894,M2III
122,,0.026616,-77.065724,4.78,Oct,66.5779,K2III
124,,0.026949,61.222801,5.58,Cas,943.3962,F0III
145,,0.030402,-3.027504,5.13,Psc,139.2758,B7III-IV
154,,0.032672,-6.014072,4.37,Psc,132.4503,M3III
171,,0.036139,27.082256,5.8,Peg,12.1699,G3V
183,,0.038867,-29.720414,5.04,Scl,154.0832,B4V
194,,0.041584,8.485463,5.7,Psc,36.9004,F0V
208,,0.043357,66.098966,5.87,Cas,100000.0,G8III
300,,0.06233,-17.335988,4.55,Cet,83.4725,B9IVn
330,,0.070462,62.287664,5.9,Cas,100000.0,A1III
343,,0.072165,-16.529036,5.78,Cet,90.6618,K0III
355,,0.075033,-10.509523,4.99,Cet,641.0256,K3Ibvar
377,,0.078131,-71.436891,5.59,Tuc,175.4386,B8III
379,,0.078304,67.166445,5.68,Cep,92.6784,K1III
418,,0.085039,61.31397,5.8,Cas,221.7295,B8MNp...
441,,0.088928,-5.707618,4.61,Psc,39.4945,K1III
475,,0.094989,13.396266,5.55,Peg,114.2857,G5III
517,,0.104356,58.436733,5.98,Cas,21.4777,G5V
521,,0.105277,-49.075191,5.7,Phe,25.7136,G1IV...
530,,0.10737,64.196168,5.57,Cas,265.9574,B9III
635,,0.129693,-22.50856,5.93,Cet,78.3699,A1V
654,,0.134303,-33.529326,5.67,Scl,94.9668,K1III
670,,0.138204,-8.824112,5.99,Cet,98.4252,G8III:
676,Alpheratz,0.139791,29.090432,2.07,And,29.7442,B9p
727,,0.150672,18.211963,5.57,Peg,87.4126,G9III
744,Caph,0.152887,59.14978,2.28,Cas,16.7842,F2III-IV
759,,0.155851,-27.987928,5.42,Scl,77.4593,F3V
763,,0.156836,-45.747426,3.88,Phe,44.2087,K0III
811,,0.167278,11.145813,5.54,Psc,93.633,B9V
812,,0.167293,-82.224047,5.29,Oct,78.064,K1/K2III
838,,0.171908,-5.248588,5.84,Psc,58.309,K1III
839,,0.172012,46.072272,5.01,And,377.3585,F2II
871,,0.178565,-12.579897,5.84,Cet,75.0188,K0III
908,,0.187739,-15.467977,4.89,Cet,18.7477,F5V
928,,0.192894,-27.799737,5.41,Scl,243.309,K2III
948,,0.195552,-35.133119,5.24,Scl,21.2766,F3/F5V
981,,0.202773,-17.938278,5.29,Cet,190.8397,K4III
1065,Algenib,0.220598,15.183596,2.83,Peg,120.048,B2IV
1072,,0.222099,-84.993978,5.78,Oct,298.5075,M0/M1III
1084,,0.22524,41.03537,5.71,And,34.904,F0IV
1094,,0.228401,-26.022345,5.94,Scl,396.8254,K5III
1156,,0.241008,-7.780532,5.13,Cet,178.5714,M3IIIvar
1166,,0.243378,20.206702,4.79,Peg,112.8668,M2III
1169,,0.244005,-18.932866,4.44,Cet,137.1742,M1III
1189,,0.248476,-9.569571,5.77,Cet,103.8422,B9V
1286,,0.269126,-31.446394,5.66,Scl,152.207,K2III
1351,,0.282513,61.533185,5.74,Cas,190.1141,G8III
1363,,0.284863,38.681636,4.61,And,94.697,A2V
1369,,0.285845,47.947405,5.86,Cas,343.6426,B7III
1470,,0.305463,36.785224,4.51,And,41.3223,A2V
1490,,0.310625,31.517227,5.88,And,166.6667,A0IV
1559,,0.323799,-8.823921,3.56,Cet,84.1751,K2III
1595,,0.334142,-64.874791,4.23,Tuc,8.5866,F9V
1626,,0.340111,30.935614,5.89,And,159.7444,B7V
1641,,0.343295,8.190271,5.38,Psc,125.0,K3III
1643,,0.344178,-69.624913,5.5,Tuc,97.561,B9V
1653,,0.345978,32.911186,5.79,And,191.9386,K5III
1682,,0.352017,37.968603,5.16,And,48.5437,F5III
1702,,0.357986,-77.426873,5.96,Hyi,174.8252,K3III
1704,,0.358665,-28.981469,5.18,Scl,101.3171,K0III
1724,,0.362853,-20.058024,5.61,Cet,270.2703,M5/M6Ib/II
1916,,0.404348,52.019914,5.58,Cas,306.7485,B5IV
1955,,0.413193,61.831057,5.38,Cas,215.0538,B9III
1977,,0.418445,53.046786,5.72,Cas,158.2278,B9IV
2000,,0.423391,1.939692,5.77,Psc,144.0922,G5III
2016,,0.427916,-77.254247,2.82,Hyi,7.4588,G2IV
2069,,0.436716,-43.679829,3.93,Phe,23.8095,A7V
2076,Ankaa,0.438056,-42.305981,2.4,Phe,25.974,K0III...
2153,,0.454085,-25.54717,5.99,Scl,176.0563,K0III
2204,,0.465472,-33.007167,4.86,Scl,138.5042,M2/M3III
2213,,0.467475,17.893125,5.01,Psc,162.0746,M3IIIvar
2220,,0.470454,44.394452,5.18,And,86.6551,A2Vs
2234,,0.474027,-39.915002,5.42,Phe,115.2074,M0III
2347,,0.500655,-3.957332,5.72,Cet,173.913,M0III
2349,,0.502045,29.751557,5.2,And,62.7746,A7III
2371,,0.505534,59.977554,5.94,Cas,235.8491,B9IIIn
2375,,0.506293,-23.78768,5.17,Cet,53.1067,A3V
2377,,0.507242,-48.21491,5.67,Phe,43.0849,F2V
2466,,0.523594,-48.803514,4.76,Phe,52.9661,A0V
2469,,0.523787,33.581642,5.88,And,116.144,K1III...
2478,,0.525725,-62.958218,4.36,Tuc,41.4079,B9V
2479,,0.525946,-62.965561,4.53,Tuc,51.6529,A2V
2491,,0.528105,52.839526,5.59,Cas,116.8224,K2III
2499,,0.529539,54.522289,4.74,Cas,115.7407,B8Vn
2543,,0.539939,6.955463,5.69,Psc,80.9717,B9.5V
2562,,0.543189,20.294316,5.38,Psc,80.0,K0III
2572,,0.545512,-63.0315,5.07,Tuc,45.5581,A0V
2592,,0.549997,62.931783,4.17,Cas,100000.0,B1Ia
2605,,0.552879,54.894985,5.93,Cas,114.1553,K0III
2655,,0.561401,-29.558278,5.55,Scl,165.0165,K1III
2705,,0.574374,-52.37309,5.57,Phe,25.4842,F3IV-V
2756,,0.587466,-3.592846,5.2,Cet,21.254,F8V...
2781,,0.592454,-0.50561,5.94,Cet,54.4959,F5IV
2796,,0.594767,-48.000907,5.51,Phe,34.8189,F6V
2848,,0.602306,54.16845,5.08,Cas,164.4737,B7III
2870,,0.607595,60.326215,5.78,Cas,100000.0,A4III
2894,,0.612903,44.488587,5.14,And,189.0359,K5III
2897,,0.613142,15.231725,5.89,Psc,318.4713,B2.5IV
2906,,0.61468,33.719344,4.34,And,183.4862,B5V
2914,Fulu,0.616188,53.896909,3.69,Cas,181.8182,B2IV
2935,,0.622393,-24.767267,5.57,Cet,15.4012,K1V+...
2936,,0.622561,35.399501,5.45,And,259.7403,G5III
3025,,0.642602,29.311751,4.34,And,50.226,G5III...
3077,,0.652748,49.354589,5.45,Cas,641.0256,K5III
3086,,0.655462,30.861024,3.27,And,32.352,K3III...
3087,,0.656063,21.250472,5.88,Psc,11.0595,K0V
3130,,0.664428,-44.796293,6.0,Phe,94.162,K1IIICN...
3132,,0.665436,21.438495,5.36,Psc,127.0648,F3V...
3163,,0.673659,-59.454604,5.89,Tuc,24.9563,G1V
3172,Schedar,0.675116,56.537331,2.24,Cas,69.979,K0II-IIIvar
3186,,0.678437,-4.351841,5.9,Cet,144.5087,K0III
3224,,0.68533,39.458664,5.3,And,108.8139,G8III
3238,,0.688766,-46.085007,4.59,Phe,75.358,G8III
3271,,0.69621,-56.501315,5.72,Phe,67.0241,Ap
3292,,0.700953,66.147592,5.83,Cas,158.4786,G9III-IV
3293,,0.701081,50.512526,4.8,Cas,438.5965,B2.5V
3323,,0.707869,-65.46803,5.38,Tuc,41.0341,F6V
3345,,0.711609,-60.262807,5.99,Tuc,70.8215,K5III
3398,,0.722567,-57.46306,4.36,Phe,75.5287,A0IV
3407,,0.724466,47.024546,4.95,Cas,53.6769,A5V
3413,Diphda,0.72649,-17.986605,2.04,Cet,29.5334,K0III
3448,,0.7365,-10.60955,4.77,Cet,71.6332,K0IIIvar
3449,,0.736683,-38.421686,5.9,Scl,103.8422,K1III
3471,,0.740612,47.863984,5.66,Cas,191.2046,B5V...
3496,,0.74542,48.284364,4.48,Cas,215.5172,B5III
3497,,0.745666,-22.006135,5.22,Cet,26.7451,F0V
3513,,0.749187,-42.676558,5.94,Phe,64.3915,A7V
3536,,0.754774,55.221396,5.41,Cas,98.8142,A2Vs
3564,,0.760862,74.988073,5.64,Cas,93.0233,A2IV
3575,,0.76265,-47.551985,5.8,Phe,15.1584,G5IV
3599,,0.769929,-22.522097,5.49,Cet,93.2836,G8/K0III
3624,,0.775822,15.475504,5.36,Psc,238.0952,M4III
3667,,0.783738,11.973849,5.51,Psc,86.8056,G8II
3685,,0.788981,24.267178,4.08,And,58.0046,K1II
3689,,0.789898,6.740956,5.98,Psc,141.2429,G8III
3709,,0.795339,-18.061339,5.7,Cet,108.9325,K3III
3713,,0.796119,74.847573,5.42,Cas,236.4066,B8III
3733,,0.800296,-21.722492,5.57,Cet,105.1525,B9V
3742,,0.802487,72.674482,5.86,Cas,61.237,K0IV
3752,,0.804836,7.299928,5.92,Psc,177.6199,G8III
3759,96 G. Psc,0.806382,5.280615,5.74,Psc,7.4549,K2V
3773,,0.809777,-74.923438,5.09,Hyi,64.9351,K5III
3778,,0.811373,7.585079,4.44,Psc,95.4198,K5III
3793,,0.813892,50.968168,4.9,Cas,126.2626,B9III
3802,,0.816308,16.940644,5.07,Psc,23.4522,F8V...
3814,Achird,0.81826,57.815187,3.46,Cas,5.9531,G0V SB
3825,,0.82054,-24.136672,5.9,Cet,57.9039,K0III
3841,,0.823782,-13.561274,5.59,Cet,85.1064,K3III
3871,,0.830234,41.078911,4.53,And,189.3939,B5V SB
3875,,0.831433,27.710286,5.55,Psc,88.574,F5III+...
3899,,0.835443,-10.644326,5.17,Cet,15.753,F7IV-V
3939,,0.844768,-50.986816,5.24,Phe,74.239,F2III
3941,,0.845442,64.247549,5.35,Cas,196.0784,A4V comp SB
4095,,0.877951,-24.005844,5.47,Cet,171.2329,K1III
4137,,0.883471,-1.14426,4.78,Cet,179.8561,M0III
4142,,0.884511,61.12397,4.8,Cas,18.7441,F8V
4190,,0.893839,-62.871352,5.73,Tuc,218.3406,M4III
4257,,0.909785,19.188417,5.8,Psc,108.1081,A1Vn
4273,,0.914667,83.707435,5.59,Cep,87.7193,A4V
4278,,0.916139,23.628335,5.46,And,37.9795,K1IV
4282,,0.916715,58.972698,4.83,Cas,100.7049,K2III
4283,,0.916751,-69.527084,5.45,Tuc,68.0272,G7III
4336,,0.928444,-7.347149,5.88,Cet,184.5018,K5III
4361,,0.933747,-11.266526,5.35,Cet,168.9189,K4III
4412,Castula,0.944432,59.181056,4.62,Cas,61.2745,G8III-IV
4417,Cih,0.945143,60.71674,2.15,Cas,168.3502,B0IV:evar
4426,,0.945885,38.499345,3.86,And,39.7772,A5V
4430,,0.946377,60.362836,5.56,Cas,165.0165,B8V
4453,,0.953445,23.417648,4.4,And,70.4225,G8III-IV
4500,,0.963931,28.992217,5.44,Psc,198.8072,G6III
4542,,0.970615,33.950885,5.99,And,56.3698,K0
4562,,0.975285,66.351793,5.97,Cas,107.4114,A0III
4567,,0.976766,-29.357449,4.3,Scl,238.0952,B7IIIp
4577,,0.978852,-11.379975,5.62,Cet,98.0392,G7III
4665,,1.000988,44.713243,5.69,And,119.0476,B9.5Vn
4760,,1.02174,-38.916527,5.59,Scl,157.4803,K1III
4842,,1.040674,-31.552005,5.5,Scl,71.2251,A1/A2IV
4879,,1.046971,31.804263,5.5,Psc,132.9787,B9.5V
4880,,1.046997,-46.397311,5.39,Phe,73.0994,G8III
4893,,1.048407,41.345157,5.95,And,107.2961,A5m
4896,,1.049058,7.890135,4.27,Psc,55.7414,K0III
4904,,1.050705,-4.836601,5.4,Cet,102.2495,K0III-IV
4951,,1.06028,61.074823,5.92,Cas,613.4969,F0II
4988,,1.06733,52.502161,5.99,Cas,326.7974,K2
5011,,1.072084,61.580184,5.83,Cas,80.7754,F6V
5071,,1.084821,14.946133,5.64,Psc,54.5852,F4II-III
5121,,1.094709,21.473181,5.33,Psc,84.317,A1Vn
5122,,1.094919,21.465442,5.55,Psc,85.9107,A0Vn
5154,,1.101407,-46.718414,3.32,Phe,100000.0,G8IIIvar
5155,,1.10143,-9.839354,5.58,Cet,180.8318,A1V
5257,,1.121838,-61.775289,5.36,Tuc,93.2836,G5III
5285,,1.129502,-9.78555,5.71,Cet,47.1476,F7IV
5289,,1.129957,-41.486916,5.21,Phe,56.9476,A3V
5299,,1.132544,20.739113,5.56,Psc,47.3037,A3V
5306,,1.133559,43.942092,5.04,And,58.9623,A3m
5325,,1.137477,54.92034,5.17,Cas,7.554,G5Vp
5335,,1.1395,5.649819,5.51,Psc,35.2113,F0III-IV
5337,Wurren,1.139742,-55.24576,3.94,Phe,91.5751,B6V + B0V
5350,,1.142627,58.263449,5.77,Cas,184.8429,B8V
5353,,1.143164,-10.182264,3.46,Cet,37.9939,K2III
5361,,1.145613,86.25709,4.24,Cep,85.9107,K2II-III
5423,,1.158368,47.241792,4.26,And,219.7802,B7III
5436,Mirach,1.162194,35.620558,2.07,And,60.5327,M0IIIvar
5443,,1.163667,19.658408,5.57,Psc,115.4734,G0III
5482,,1.17188,42.081475,5.67,And,52.2739,F8V
5483,,1.17207,25.457763,5.81,Psc,120.7729,K5III
5498,,1.175987,2.44567,5.97,Cet,235.2941,K4III
5506,,1.177579,68.778621,5.32,Cas,84.8896,A0Vnn
5530,,1.185017,55.149901,4.34,Cas,40.95,A7Vvar
5532,,1.185213,31.424736,5.15,Psc,147.2754,F0V
5537,,1.186189,37.724121,5.8,And,242.1308,B7III-IV
5554,,1.190428,64.202677,5.56,Cas,124.0695,B9.5V
5559,,1.190894,21.03465,4.66,Psc,117.6471,K0III
5574,,1.194342,30.089638,4.51,Psc,51.7598,K0III-IV...
5577,,1.194829,65.018854,5.57,Cas,119.0476,B9IV
5582,,1.195419,-2.251079,5.93,Cet,171.8213,K4III
5614,,1.204601,79.673963,5.6,Cep,82.85,A3V
5649,,1.212616,-37.856479,5.95,Scl,69.3963,A9IV: (+F/G)
5725,Revati,1.228857,7.575354,5.21,Psc,53.3049,A7IV
5730,,1.229152,24.583713,4.67,Psc,136.7989,K0III...
5766,,1.235453,16.133479,5.97,Psc,139.47,B8III
5786,,1.240011,-7.922826,5.14,Cet,23.3863,F5V
5820,,1.246992,-0.973795,5.7,Cet,42.9185,F5V
5849,,1.253043,-45.531664,4.97,Phe,15.1149,F8V
5884,,1.262704,-68.875927,4.25,Tuc,20.9556,F6IV
5913,,1.269972,71.743842,5.87,Cas,847.4576,K1V
5939,,1.276747,-2.500368,5.42,Cet,80.5802,G5III-IVe
6048,,1.296654,3.614466,5.13,Psc,75.3012,A3V
6179,,1.324443,27.264059,4.74,Psc,94.4287,A3V
6212,,1.330082,-0.509029,5.87,Cet,100.7049,A7V...
6228,,1.334699,58.231611,4.95,Cas,100000.0,F0Ia
6301,,1.352047,28.738207,5.23,Psc,107.4114,K5III
6397,Adhil,1.372337,45.528778,4.87,And,65.7462,K0III-IV
6478,,1.390264,20.468967,5.97,Psc,306.7485,K5
6488,,1.391933,-30.945617,5.84,Scl,299.4012,M0III
6500,,1.394612,37.714943,5.6,And,63.857,A1m
6523,,1.40039,-8.183257,3.6,Cet,34.8918,K0III
6550,,1.405695,-6.914656,5.92,Cet,46.6418,F4V
6578,,1.411329,-41.492549,5.42,Phe,72.2543,K0III
6617,,1.418136,-64.369478,5.92,Hyi,277.0083,M0III
6656,,1.427009,-14.598796,4.9,Cet,88.1834,K2III
6672,Ruchbah,1.430216,60.235283,2.66,Cas,30.4785,A5Vv SB
6678,,1.432208,68.130012,4.72,Cas,59.8086,K0III
6692,,1.437573,19.172346,5.35,Psc,25.2143,F2V:var
6697,,1.438517,43.457739,5.98,And,41.7188,F7V
6718,,1.44491,19.240422,5.5,Psc,85.5432,K1III
6734,,1.447657,-13.056512,5.51,Cet,37.4672,F0V
6799,,1.460915,45.406687,4.83,And,28.6205,F5IV
6853,,1.472759,-43.318234,3.41,Phe,71.6332,K5II-III
6946,,1.49337,-21.629339,5.11,Cet,71.3776,A0V
6985,,1.501695,47.007274,5.27,And,90.1713,K0III
6993,,1.503087,6.14382,4.84,Psc,93.1966,K4III
7002,,1.506362,-26.207851,5.92,Scl,137.931,K2III
7064,,1.520444,70.264604,5.82,Cas,28.9771,F6V
7068,,1.520851,-49.072702,3.93,Phe,43.573,K0III-IV
7083,Alpherg,1.524725,15.345823,3.62,Psc,107.1811,G8III
7104,,1.52868,-30.283081,5.79,Scl,102.3541,K0III
7199,,1.548903,-36.865231,5.49,Scl,84.3882,K1/K2III
7237,,1.557142,58.327334,5.69,Cas,675.6757,K0Ib+...
7262,,1.561899,-7.025341,5.75,Cet,29.5159,G2IV
7280,,1.565528,59.23204,4.68,Cas,63.8162,K0III
7307,,1.571279,37.237146,5.9,And,143.472,B9IV
7331,,1.57716,-15.676359,5.62,Cet,59.3824,A1V
7345,,1.580296,18.460512,5.9,Psc,163.1321,M2III
7433,,1.598542,17.433841,5.95,Psc,58.072,F0IV
7436,,1.599713,-15.400183,5.41,Cet,167.5042,K1III
7449,,1.602361,-29.907317,5.69,Scl,69.3481,F2V
7499,Titawin,1.613299,41.405459,4.1,And,13.4916,F8V
7521,,1.61831,12.141535,5.54,Psc,35.0877,F0V
7554,,1.624389,-84.769593,5.66,Oct,116.6861,K0III
7574,Achernar,1.628556,-57.236757,0.45,Eri,42.7533,B3Vp
7587,,1.631959,-82.974995,5.88,Oct,27.3823,G2V
7593,Nembus,1.633205,48.628213,3.59,And,54.3183,K3III
7603,,1.635435,57.977631,5.55,Cas,534.7594,G5II
7628,,1.640968,-36.528251,5.94,Scl,101.833,K0III
7635,,1.641926,73.04004,5.28,Cas,140.4494,G8II-IIIvar
7664,,1.647718,-21.275384,5.58,Cet,77.2798,F0V
7703,,1.655835,44.386165,5.01,And,76.746,G8III...
7725,,1.661338,16.405858,5.98,Psc,120.1923,K2III
7736,p Eridani,1.663169,-56.1964,5.76,Eri,7.8223,K0V
7803,,1.676337,40.577049,4.96,And,218.3406,B8III
7810,,1.677674,43.297687,5.63,And,69.5894,A9IV:
7869,,1.690526,5.487613,4.45,Psc,111.3586,K3III
7891,,1.694233,30.04712,5.97,Tri,157.7287,K0III
7901,,1.695787,-11.324669,5.75,Cet,39.4477,F5V+...
7903,,1.696383,42.613369,4.96,And,12.7389,G2V
7906,,1.696655,-60.789339,5.7,Hyi,111.4827,K2/K3III
7926,,1.700833,-36.832305,5.7,Scl,93.1099,A0V
7928,,1.700968,35.245707,5.63,Tri,84.246,B9IV-V
7940,,1.702389,-32.32697,5.25,Scl,65.8762,K1II/III
7950,,1.705688,68.043021,5.57,Cas,119.1895,A0p SiSr
7963,,1.708125,-53.740834,5.52,Eri,17.4338,F8V
7966,,1.70827,20.268504,5.24,Psc,7.5324,K1V
7984,,1.712086,-3.6902,4.98,Cet,364.9635,K3II-III
8001,,1.715493,70.622526,5.18,Cas,85.1064,B9V
8031,,1.722151,60.551332,5.78,Cas,320.5128,B8IIIn
8053,,1.727675,50.688732,4.01,Per,220.2643,B2Vpe
8087,,1.734479,-15.93748,3.49,Cet,3.6502,G8V
8183,Torcular,1.756564,9.157736,4.26,Psc,85.6898,K0III
8194,,1.760763,-25.05261,5.29,Scl,28.1136,F2IV
8215,,1.766461,-5.733299,5.37,Cet,168.9189,K4III
8225,,1.76832,-50.816256,5.49,Phe,194.5525,M3III
8226,,1.768392,-53.522037,5.04,Eri,62.0347,A1V
8347,,1.795668,63.852501,5.63,Cas,10.0675,K0V
8372,,1.803038,16.955551,5.86,Ari,84.3882,B9.5V
8388,,1.807227,3.685447,5.91,Psc,98.4252,G9III
8408,,1.810808,37.95287,5.94,And,104.6025,K0III
8417,,1.81155,32.69021,5.78,Tri,27.8552,F8V
8481,,1.826418,-10.68641,4.66,Cet,23.1857,F3III
8527,,1.835714,22.275338,5.83,Ari,179.5332,K1III+...
8571,,1.84777,11.043378,5.92,Ari,42.0168,F2Vw
8576,,1.848459,-50.206138,5.94,Phe,77.1605,A1V
8581,,1.849198,51.933417,5.96,Per,41.684,F5V
8628,Baten Kaitos,1.857676,-10.335038,3.74,Cet,72.0461,K2III
8687,,1.866476,55.147385,5.53,Per,396.8254,B1.5V
8696,,1.869268,50.792794,5.7,Per,147.929,B9p...
8760,,1.881142,-16.92925,5.78,Cet,94.162,F0V
8777,Mothallah,1.884696,29.578829,3.42,Tri,19.4175,F6IV
8795,,1.888152,40.72979,5.42,And,193.4236,K1III
8813,Mesarthim,1.89217,19.293852,3.88,Ari,50.3018,A1p Si
8814,,1.892597,3.187536,4.61,Psc,54.9149,K0III SB
8818,,1.894102,-46.302669,4.39,Phe,104.8218,M4III SB
8863,,1.906122,-42.49695,5.12,Phe,94.0734,A3V
8867,Segin,1.906584,63.670101,3.35,Cas,126.2626,B2pvar
8884,Sheratan,1.910668,20.808035,2.64,Ari,17.9856,A5V...
8909,,1.915572,-67.647303,4.68,Hyi,67.0691,G5III
8974,,1.930844,23.577322,5.76,Ari,170.9402,K1III
8982,,1.9318,37.277786,5.89,And,282.4859,K5III
8989,,1.932564,-51.608896,3.69,Eri,17.8508,G5IV
8990,,1.933337,68.685242,4.97,Cas,215.0538,B8III
9002,,1.935927,37.25183,5.69,And,96.9932,G8III...
9042,,1.944499,-22.526785,4.92,Cet,108.2251,K3III
9076,,1.952792,-47.385277,4.82,Phe,76.1035,G8III
9091,,1.955848,17.817532,5.09,Ari,159.4896,K1p...
9113,,1.962151,27.804381,5.84,Tri,140.2525,M2III
9135,,1.965478,23.596061,4.79,Ari,39.4945,F0V
9203,,1.975973,49.204352,5.7,Per,75.0188,K0IV
9217,,1.979451,-61.569859,2.86,Hyi,22.0119,F0V
9288,,1.993244,21.05857,5.89,Ari,119.9041,K0III-IV
9293,,1.993892,64.621602,5.29,Cas,75.3012,A0Vn
9294,,1.994118,-42.030532,5.57,Phe,89.9281,K1III
9307,,1.996166,-20.824539,5.43,Cet,180.5054,M0/M1III
9328,,2.000084,-21.077831,3.99,Cet,89.7666,K5/M0III
9334,,2.002544,3.097015,5.89,Psc,33.5008,G2IV
9353,,2.007451,-8.523873,5.43,Cet,145.9854,M3III
9420,,2.020759,-30.00183,5.34,For,90.2527,G8III
9439,,2.02844,-44.713509,5.15,Phe,115.0748,K5III
9460,,2.032644,70.90702,4.49,Cas,35.2609,A3IV
9467,Alrescha,2.034117,2.763759,3.82,Psc,46.1681,A2
9485,,2.038359,54.487541,4.99,Per,223.2143,B8III
9513,,2.043077,13.476716,5.97,Ari,206.1856,M2III
9544,,2.047913,64.901466,6.0,Cas,83.8926,A1Vn
9550,,2.049433,33.284135,5.5,Tri,120.048,A2V
9552,,2.049602,-15.305932,5.87,Cet,109.8901,K0II/III
9553,,2.050052,64.390018,5.59,Cas,537.6344,B8Ib
9568,,2.053236,0.128507,5.42,Cet,86.1326,A5III
9577,,2.057268,72.421294,3.95,Cas,48.1696,A2V
9600,,2.060927,25.935471,5.64,Ari,48.7092,F8IV
9601,,2.061247,-4.103516,5.61,Cet,166.113,K5Iab:
9609,,2.063381,-0.340251,5.96,Cet,110.9878,G5V...
9618,Almach,2.064984,42.329725,2.1,And,120.4819,B8V
9655,,2.074844,-29.296819,4.68,For,113.7656,B9.5p (Si)
9706,,2.085315,77.281341,5.27,Cas,33.1565,F0Vn
9741,,2.092103,76.11506,5.22,Cas,122.6994,G8III
9814,,2.109423,22.648317,5.03,Ari,55.6793,A2m
9861,Hamal,2.119555,23.462423,2.01,Ari,20.1776,K2III
9954,,2.141454,37.859077,4.78,And,58.6854,A5IV-V
9967,,2.144606,58.423601,5.66,Per,100000.0,A1Ia
10011,,2.152584,-43.516596,5.84,Phe,159.7444,K1III
10030,,2.157036,25.939892,4.98,Ari,88.4956,F2III
10041,,2.159058,34.987297,3.0,Tri,38.8954,A5III
10133,,2.177109,19.500338,5.68,Ari,171.2329,M3III
10189,,2.189189,8.569805,5.64,Cet,40.7166,G0IV
10192,,2.189507,-10.052162,6.0,Cet,47.5964,F5V
10211,,2.193287,-1.825429,5.94,Cet,119.0476,G9III:
10256,,2.206191,30.303067,4.94,Tri,89.1266,F5V comp SB
10272,,2.210427,24.167778,5.96,Ari,228.833,K0
10281,,2.213206,-2.393637,5.65,Cet,39.6983,F8V
10282,,2.213355,21.210993,5.23,Ari,28.8684,F5V
10296,,2.21513,-30.723825,5.27,For,98.2318,A0V
10300,,2.216665,8.846717,4.36,Cet,117.5088,G8II:
10302,,2.21694,-21.000137,5.86,Cet,106.383,K0III
10304,,2.217584,15.27986,5.72,Ari,146.8429,M0III
10316,,2.220369,44.231652,4.84,And,162.6016,K4III
10342,,2.226728,51.065818,5.31,And,64.9773,G8III:var
10394,,2.237366,-67.841441,5.57,Hyi,238.0952,M1III
10416,,2.242208,-41.166765,5.91,Phe,105.7082,G9III
10489,,2.25794,-67.746366,5.67,Hyi,149.7006,K2III
10510,,2.261884,25.043043,5.57,Ari,51.0725,F6V
10517,,2.262789,25.782937,5.79,Ari,42.1053,F6IV-V
10535,,2.265635,33.358895,5.25,Tri,86.0585,A0V
10578,,2.275154,-51.512165,3.56,Eri,47.1254,B8IV-V
10618,,2.283068,-6.422116,5.51,Cet,102.0408,G8III
10620,,2.284191,34.224231,4.84,Tri,10.784,G0V
10645,,2.288573,33.847194,4.03,Tri,34.4353,A1Vnn
10692,,2.29996,57.89982,5.75,Per,125.9446,K3III
10697,,2.3004,1.757802,5.6,Cet,24.3546,G0.5IV
10703,,2.301275,57.516321,5.99,Per,251.2563,G7III
10706,,2.302094,19.901164,5.58,Ari,137.1742,A1Vn
10766,,2.315831,28.642674,5.29,Tri,115.4734,A2V
10793,,2.321337,47.379973,5.31,And,75.358,A1V
10845,,2.331739,-55.944796,5.81,Hor,189.0359,K5III
10918,,2.349499,50.151466,5.57,And,120.3369,B9p Si
10975,,2.362498,-68.659418,4.08,Hyi,42.8266,A3V
10995,,2.36573,0.395675,5.29,Cet,330.033,M2III
11003,,2.367092,-10.777534,5.43,Cet,29.656,F0V
11007,,2.368051,-17.662169,5.89,Cet,135.6852,K2III
11020,,2.37011,-0.884852,5.42,Cet,80.1282,F0Vn
11034,,2.372621,55.845653,5.16,Per,100000.0,A2Ia
11046,,2.375704,-23.816326,5.19,For,21.9635,G2V
11064,,2.380644,41.396297,5.81,And,47.0146,F0III-IV
11069,,2.38123,-73.645792,5.99,Hyi,97.2763,K0III
11075,,2.381852,-51.092129,5.9,Eri,60.8643,A5V
11193,,2.406919,50.006546,5.19,And,122.399,G8III
11222,,2.413627,10.610565,5.48,Ari,267.3797,B7IV
11231,,2.414987,-60.311947,5.36,Hor,49.3827,F2III
11286,,2.42706,50.278631,4.73,And,113.2503,K4III
11318,,2.432501,-12.29048,4.88,Cet,139.8601,A0V
11321,,2.433431,-15.341247,5.88,Cet,77.0416,Ap SrCrEu
11354,,2.443115,-20.042617,5.89,Cet,84.1043,K2III
11380,,2.449755,-47.70384,4.24,Eri,155.7632,B5IV
11405,,2.457715,31.80128,5.55,Tri,85.2515,K1III:
11449,,2.467139,-33.811039,5.13,For,46.5983,A2/A3V
11457,,2.469317,8.460054,4.3,Cet,59.2066,B9III
11459,,2.469439,29.66933,5.29,Tri,49.8256,F0III
11521,,2.480139,29.93176,5.89,Tri,31.407,G0V
11542,,2.484437,67.402474,4.46,Cas,40.7332,A5p Sr
11643,,2.508986,25.235036,5.88,Ari,51.7598,F6IV
11660,,2.512556,0.255749,6.0,Cet,86.2813,A7III-IVs
11710,,2.525027,2.267182,5.27,Cet,140.8451,K3III
11729,,2.527834,-79.109382,5.27,Hyi,87.0322,G4III
11734,Polaris,2.52975,89.264109,1.97,UMi,132.626,F7:Ib-IIv SB
11755,,2.534786,-15.244677,4.74,Cet,26.6951,F5V
11756,,2.535045,36.147271,5.15,Tri,132.8021,K5III
11763,,2.53595,-1.034896,5.36,Cet,81.4332,G3III:
11811,,2.547952,34.54241,5.84,Tri,83.2639,K0III
11814,,2.548372,15.034554,6.0,Ari,29.9401,F8V
11838,,2.551952,-34.649967,5.91,For,111.8568,K0/K1III
11888,,2.564085,-28.232343,4.96,For,148.368,B9V
11971,,2.578507,-7.859445,5.74,Cet,140.647,K4III
12041,,2.594095,37.312263,5.72,And,191.2046,K4III
12055,,2.596336,34.687558,5.38,Tri,193.7984,M3III
12062,,2.597909,5.593246,4.87,Cet,104.2753,G8III
12075,,2.600013,-7.831597,5.53,Cet,142.6534,M0III
12082,268 G. Cet,2.601357,6.88687,5.79,Cet,7.1803,K3V
12090,,2.602574,-30.044978,5.74,For,178.5714,G8/K0III
12115,,2.609742,7.730026,5.81,Cet,90.7441,K0III:
12121,,2.610531,12.447639,5.64,Ari,34.7343,F7V
12149,,2.615879,38.733581,5.91,And,54.1712,F5V
12154,,2.616281,-34.577977,5.78,For,25.7798,G1V
12193,,2.623425,-52.543086,5.3,Hor,45.5581,A6V
12207,,2.626676,65.745336,5.8,Cas,283.2861,K5III
12215,,2.628278,-3.396175,5.65,Cet,92.5069,G5III:
12241,,2.633909,72.818252,5.17,Cas,78.4314,G8III
12256,,2.638515,-30.194062,5.84,For,33.9443,F5V
12300,,2.646943,21.961408,5.45,Ari,103.3058,A7V
12355,,2.658044,0.328511,4.08,Cet,199.2032,B2IV
12357,,2.659398,-11.872156,4.83,Cet,21.4823,F5V
12360,,2.659799,-68.266946,4.12,Hyi,46.5549,B9III
12381,,2.663326,-42.89167,4.74,Eri,35.6888,A2V
12411,,2.670117,-9.452875,5.79,Cet,21.7581,F6V
12451,,2.677666,-54.549911,5.21,Hor,49.0918,F4IV
12452,,2.677781,-39.855375,4.11,Eri,46.1894,K0III
12456,,2.678075,27.060943,5.3,Ari,70.9723,A3V
12497,,2.687222,-0.695653,5.72,Cet,22.5887,F7IV
12529,,2.692814,-14.549276,5.98,Cet,47.2144,F5V
12575,,2.701834,-38.383686,5.99,For,126.4223,G8III
12590,,2.704144,40.193944,4.91,Per,24.1896,F9V
12607,,2.706094,20.011465,5.74,Ari,116.8224,A0V
12620,,2.709265,-50.800294,5.4,Hor,17.1674,G3IV
12653,,2.716528,53.526105,5.85,Per,141.2429,K0II-III
12659,,2.717451,55.106019,5.76,Per,132.2751,B7IIIp...
12673,Kaffaljidhma,2.721678,3.235818,3.47,Cet,24.4081,A3V
12686,,2.724198,27.707146,4.65,Ari,105.1525,B3V
12735,,2.734766,44.29704,5.43,Per,301.2048,G0Ib
12737,,2.735375,-13.858696,4.24,Cet,120.4819,B7IV
12744,,2.736634,49.228448,4.1,Per,11.1272,F7V
12770,,2.742493,15.311862,5.78,Ari,182.1494,B9Vn
12788,,2.747133,67.82463,5.95,Cas,126.7427,A5III
12795,,2.749039,10.114146,4.27,Cet,25.7732,F1III-IV
12799,,2.749328,12.445761,5.17,Ari,36.3372,A7III-IV
12810,,2.751715,-18.572563,4.47,Eri,14.2207,F5/F6V
12838,,2.757629,-63.704553,5.73,Hor,55.991,G8III/IV
12843,,2.759048,-67.616617,4.83,Hyi,87.184,A2IV/V
13022,,2.796568,81.448475,5.8,Cep,133.1558,G8p...
13028,Lilii Borea,2.79848,29.247118,4.52,Ari,52.6039,K1III
13075,,2.808913,18.28379,5.83,Ari,141.6431,K1III
13088,,2.81275,25.188064,5.89,Ari,121.8027,A0V
13108,,2.817062,-62.806521,5.25,Hor,50.4541,A2V
13114,,2.818169,-32.405898,4.45,For,52.9381,G8III
13132,,2.821544,17.464309,5.26,Ari,239.2344,B6V
13169,,2.831716,-27.941981,5.39,For,140.647,A1V
13176,Bharani,2.833063,27.260507,3.61,Ari,50.7872,B8Vn
13192,,2.837438,-35.843636,5.92,For,137.931,K0III
13210,,2.841255,-75.066947,4.76,Hyi,104.0583,K3III
13221,,2.843063,38.318644,4.22,Per,37.0233,F2III
13231,,2.844557,-35.675849,5.48,For,140.8451,K2III
13234,Miram,2.844945,55.895496,3.77,Per,269.5418,K3Ib comp SB
13254,Angetenar,2.850645,-21.004019,4.76,Eri,57.3066,K0III
13293,,2.858218,15.082071,5.52,Ari,151.5152,B7V
13294,,2.858566,35.059741,4.56,Per,143.2665,K5III
13305,,2.861594,46.841939,5.86,Per,119.9041,G8III
13333,,2.866319,68.888497,5.94,Cas,395.2569,F5:Ib-II
13439,,2.892885,-38.437004,5.93,For,58.5138,F5V
13445,,2.893144,-22.376308,5.93,Eri,111.6071,G8/K0III
13456,,2.895168,38.337488,5.34,Per,70.6714,F4Vvar
13497,,2.904295,52.762479,3.93,Per,77.9423,G4III...
13620,,2.930138,18.33164,5.76,Ari,107.7586,M6IIIvar
13631,,2.932452,61.521138,5.59,Cas,26.7094,F4V
13645,,2.937158,8.381563,5.97,Cet,42.9738,F7IV
13667,Azha,2.940458,-8.898144,3.89,Eri,41.8585,K1III-IV
13668,,2.940596,18.023119,5.58,Ari,35.3482,F6V
13683,,2.943729,-3.71232,5.16,Eri,57.1755,A3Vn
13741,,2.954801,31.934219,5.1,Per,98.0392,B9p...
13748,,2.9566,-23.862164,5.44,Eri,47.6872,A5IV/V
13800,,2.968114,20.668733,5.8,Ari,33.1675,F5IV
13801,,2.968258,-23.606012,5.82,Eri,203.252,K2III
13813,Acamar,2.971023,-40.304672,2.88,Eri,49.4315,A4III+...
13840,,2.978355,-2.782877,5.22,Eri,110.6195,A2IV
13845,,2.979352,39.662728,4.68,Per,94.9668,A2Vn
13850,,2.979939,-64.071284,4.98,Hor,90.3342,A5III
13871,,2.984356,35.183128,4.94,Per,112.8668,K2III
13880,,2.986868,21.340429,4.63,Ari,101.9368,A2Vs
13908,,2.993381,-25.274133,5.69,For,32.6158,F3V
13914,,2.99441,41.032941,5.89,Per,198.8072,K2
13917,,2.994767,-2.464952,5.56,Eri,111.1111,B9.5V
13920,,2.99525,8.907365,4.71,Cet,176.6784,B6III
13931,,2.997164,47.220693,5.47,Per,156.4945,G4p
14002,,3.012261,10.870388,5.93,Ari,161.2903,K6
14009,,3.014501,52.351744,5.24,Per,140.647,B7V
14026,,3.019451,-7.663012,5.75,Eri,99.3049,K0II
14052,,3.027115,-28.091554,5.88,For,32.1958,G8/K0V
14075,,3.031706,26.462354,5.91,Ari,64.3501,A3m
14076,,3.032255,-9.961407,5.84,Eri,101.1122,G6III:
14097,,3.037615,-71.902457,5.51,Hyi,157.7287,B8III/IV
14100,Menkar,3.037992,4.089734,2.54,Cet,76.3942,M2III
14109,,3.039588,4.352884,5.62,Cet,168.6341,B7V
14112,,3.039863,-23.624472,4.08,Eri,27.1739,A4V
14134,,3.045076,-7.685472,5.32,Eri,81.1688,K0II-III
14153,,3.048849,-46.975036,5.81,Eri,259.7403,K2/K3III
14206,,3.060239,-59.737775,5.12,Hor,43.4028,F0IV
14257,,3.071254,-7.600857,5.26,Eri,41.5628,A8V
14292,,3.079942,53.50644,2.91,Per,74.5712,G8III+...
14318,,3.08627,38.840274,3.32,Per,94.3396,M3IIIvar
14340,,3.090747,25.255174,5.45,Ari,165.2893,B7Vn
14346,,3.092338,56.705719,4.77,Per,64.7249,K0II-III
14381,,3.102203,79.418535,5.49,Cep,211.8644,F7IV comp SB
14403,,3.106579,13.18725,5.64,Ari,96.0615,K3III
14420,,3.109303,-6.088555,5.23,Eri,139.8601,M3III
14466,,3.121947,64.057594,5.89,Cas,189.7533,B9V
14485,,3.125541,-78.989244,5.67,Hyi,82.85,F2II-III
14540,Algol,3.136148,40.955648,2.09,Per,27.571,B8V
14596,,3.151005,49.613278,4.05,Per,10.5407,G0V
14632,Misam,3.158258,44.857544,3.79,Per,34.5662,K0III
14641,,3.160206,29.07708,5.74,Ari,323.6246,B8III
14728,,3.177443,11.872627,5.97,Ari,136.4256,B8V
14781,,3.188163,39.611582,4.61,Per,88.3392,K1III
14802,Botein,3.193822,19.726677,4.35,Ari,52.0291,K2IIIvar
14808,,3.195229,81.47071,5.92,Cep,62.1891,A7III-IV
14826,,3.198957,74.393659,4.85,Cas,50.7099,A2Vnn
14843,Dalim,3.201249,-28.987618,3.8,For,14.2369,F8V
14857,,3.203957,27.256968,5.78,Ari,154.0832,B9p Si
14877,,3.207146,-44.41966,5.92,Eri,42.4989,F3V+...
14879,,3.207324,6.660883,5.55,Cet,230.9469,K1IIIpe+...
14894,,3.209209,-57.321549,5.71,Hor,321.5434,C5II
14917,,3.212899,-1.196101,5.07,Cet,22.5785,F8V
14967,,3.223297,48.176953,5.93,Per,116.5501,G9III
15072,,3.24836,21.044441,4.87,Ari,80.3859,A1V
15116,,3.255677,30.556689,5.61,Ari,159.7444,A1Vs
15154,,3.263325,57.14062,5.79,Per,877.193,A0Ia
15159,Zibal,3.263896,-8.81973,4.8,Eri,33.6474,A5m
15163,,3.265951,-77.388454,5.51,Hyi,29.7089,F4III
15181,,3.270057,50.937664,5.04,Per,242.1308,G5II
15203,,3.276442,32.184018,5.98,Per,134.5895,G8IV
15267,,3.290722,-47.751664,5.84,Hor,156.9859,K2III
15293,,3.295903,-62.575322,5.53,Ret,12.0077,G2V
15296,,3.296042,39.283373,5.97,Per,153.3742,A2IV
15300,,3.296485,44.025024,5.49,Per,224.2152,B8V...
15319,,3.300717,-28.797075,5.93,For,62.3053,F3V+...
15333,,3.303309,-62.506363,5.24,Ret,12.0322,G1V
15344,,3.30614,-22.511118,4.86,Eri,78.3085,K0III
15345,,3.306229,-0.930288,5.62,Cet,67.1592,K1IV
15366,,3.310482,50.222174,5.16,Per,195.3125,B3V
15373,,3.311429,-18.559794,5.72,Eri,36.9686,F3V
15378,,3.312174,34.222653,4.85,Per,361.0108,K2II
15405,,3.318787,50.094966,5.05,Per,171.8213,B5V
15419,,3.322693,3.370198,4.84,Cet,9.1399,G5Vvar
15436,,3.325278,-21.757864,3.7,Eri,93.3707,M3/M4III
15441,,3.326363,-24.122902,5.63,For,299.4012,M1III
15471,82 G. Eri,3.331944,-43.069784,4.26,Eri,6.0434,G8V
15475,,3.332166,27.071134,5.91,Ari,67.2495,G8IV
15481,,3.333129,65.652292,4.74,Cam,233.6449,B2.5Vne
15508,,3.338783,77.73474,5.44,Cep,81.1688,A6V
15510,,3.338989,29.048458,4.47,Ari,166.3894,K2II-III
15580,,3.35189,3.67562,5.7,Cet,98.912,G8.5III
15588,,3.353784,21.147086,5.27,Ari,156.0062,B5IV
15604,,3.35667,-23.635135,5.5,Eri,112.4859,G8III
15609,,3.357381,43.329651,4.96,Per,46.1681,A3V
15630,,3.364577,49.070905,5.94,Per,43.7063,F6V
15657,,3.36997,27.607553,5.55,Ari,271.0027,G5III
15698,,3.379234,20.742069,5.1,Ari,97.371,K3III
15731,,3.386997,49.213269,5.32,Per,166.113,B5V
15822,,3.405132,24.724063,5.5,Ari,63.7755,K4III
15824,Mirfak,3.405378,49.86118,1.79,Per,155.2795,F5Ib
15837,,3.408249,33.535962,5.78,Per,133.5113,A0V
15851,,3.411267,64.585996,5.13,Cam,628.9308,M0II
15861,,3.413554,9.02887,3.61,Tau,89.2061,G8III
15929,,3.426737,-69.336436,5.96,Hyi,39.4011,F3V
15990,,3.43959,-27.317479,5.93,For,138.5042,K0III
16044,,3.45282,9.73268,3.73,Tau,64.1026,B9Vn
16073,,3.459281,-35.681323,5.71,For,139.47,K2III
16103,,3.46693,-11.2866,5.74,Eri,97.6562,K2III
16108,,3.467517,49.062866,4.99,Per,160.7717,B5V
16129,,3.472416,33.807557,5.72,Per,117.2333,A2V
16170,,3.4812,49.848384,5.58,Per,160.7717,B6Vn
16187,,3.484482,59.94033,4.21,Cam,595.2381,B9Ia
16203,,3.489456,49.508948,4.67,Per,165.2893,B3V
16204,,3.489558,-62.937527,4.71,Ret,21.6826,F5IV-V
16222,,3.493341,-12.674737,5.57,Eri,128.2051,A5III/IV
16241,,3.49854,58.87875,4.55,Cam,769.2308,A0Ia SB:
16244,,3.498656,-42.634256,5.76,Eri,65.445,A5V
16249,,3.4997,-78.35185,5.68,Men,98.3284,G8III
16251,,3.500057,55.451808,5.09,Cam,60.9013,A1V
16281,,3.506797,11.336442,5.14,Tau,110.742,A0Vn
16294,,3.509579,47.995216,4.36,Per,110.2536,K3III
16298,,3.51026,-47.375125,5.98,Hor,120.3369,A2V
16299,,3.510262,48.103596,5.82,Per,273.9726,B8V
16300,,3.510294,-5.075145,4.74,Eri,123.9157,B9Vs
16317,,3.512617,6.188703,5.93,Tau,154.0832,G8III
16327,,3.514359,-66.489714,5.81,Ret,265.9574,B8V
16328,,3.514549,12.936678,4.14,Tau,104.9318,K0II-III...
16429,,3.535721,48.023476,5.47,Per,185.5288,B8IIIp Mn
16449,,3.53882,84.91104,5.62,Cep,103.0928,G3IIp...
16458,,3.540631,46.056862,5.3,Per,36.324,F4IIIvar
16468,,3.542992,-50.378646,5.67,Hor,95.7854,K3III
16470,,3.543319,9.373438,5.76,Tau,107.4114,B9IV
16477,,3.544449,35.461729,5.91,Per,675.6757,B1V
16496,Ran,3.548848,-9.458262,3.72,Eri,3.2161,K2V
16550,,3.559731,39.899478,5.79,Per,56.0538,A5m
16558,,3.560855,54.974857,5.98,Cam,74.4048,A3V
16570,,3.563132,-21.632883,4.26,Eri,89.9281,B9V
16623,,3.574062,24.464393,5.95,Tau,131.5789,A3V
16739,,3.599352,-11.193782,5.56,Eri,115.8749,G7III:
16762,,3.604837,-17.467064,5.24,Eri,149.2537,B8/B9III
16785,,3.608159,48.192634,4.32,Per,178.8909,B5Ve
16805,,3.613136,0.587758,5.82,Tau,30.6843,G5IV/V +K1IV
16811,,3.614551,0.401662,4.29,Tau,13.9626,F9V
16829,,3.618244,-40.274545,4.57,Eri,70.7714,K0III
16948,,3.641459,-7.391863,5.86,Eri,112.3596,G5III:
16986,,3.65031,-5.62621,5.97,Eri,33.7041,K1V
17062,,3.664201,3.056863,5.55,Tau,114.0251,G6III:
17126,,3.677315,-5.210706,5.53,Eri,152.207,B9IIIp Si
17161,,3.685515,37.580198,5.55,Per,251.8892,B7Vn
17254,,3.702594,63.216806,5.06,Cam,159.2357,S5.3 SB:
17262,,3.704139,-31.938361,4.99,For,259.7403,B5III
17267,,3.705263,19.700254,5.68,Tau,165.2893,B9Vn
17271,,3.706291,33.965026,4.97,Per,323.6246,B0.5V
17300,,3.711871,59.969391,5.74,Cam,632.9114,K4Ib
17309,,3.713908,-37.313518,4.59,Eri,56.4972,K2IIICN...
17316,,3.715416,47.787551,3.01,Per,158.2278,B5III SB
17336,Rana,3.720806,-9.763395,3.52,Eri,9.0408,K0IV
17353,,3.726065,-10.485661,5.59,Eri,42.4268,A5m
17398,,3.736593,-64.806903,3.84,Ret,29.8597,K0IV SB
17406,Atik,3.738648,32.288248,3.84,Per,343.6426,B1III
17415,,3.741808,-1.163091,5.24,Eri,200.8032,B7V
17418,,3.742062,36.460103,5.6,Per,90.5797,A2m
17447,Celaeno,3.746726,24.28947,5.45,Tau,115.6069,B7IV
17457,Electra,3.747927,24.113339,3.72,Tau,124.0695,B6III
17464,,3.749027,-0.29672,5.56,Eri,120.919,K4III
17485,,3.752705,24.83926,5.66,Tau,125.4705,B8V
17487,,3.753232,42.578549,3.77,Per,170.6485,F5IIvar
17489,Taygeta,3.75347,24.467278,4.3,Tau,125.4705,B6V
17492,,3.75441,-47.359476,5.72,Hor,103.5197,K1III
17521,,3.761234,6.049991,5.34,Tau,163.6661,B3V
17532,Maia,3.763779,24.367748,3.87,Tau,117.5088,B8III
17537,Asterope,3.765132,24.554511,5.76,Tau,114.0251,B8V
17542,,3.76646,45.681899,5.66,Per,229.3578,B6V
17543,,3.766907,67.201605,5.79,Cam,55.4324,F0IV
17545,,3.767314,63.345047,4.78,Cam,303.9514,A3V...
17551,,3.769037,-12.101589,4.43,Eri,147.4926,M1III
17553,,3.769267,6.80352,5.91,Tau,102.7749,G9III
17566,Merope,3.772104,23.948358,4.14,Tau,116.5501,B6IV
17576,,3.774286,-29.338157,5.91,For,101.0101,A2V
17609,,3.780804,-23.249723,4.22,Eri,17.6274,F3/F5V
17637,,3.787295,-74.238962,3.26,Hyi,65.6168,M2III
17661,Alcyone,3.79141,24.105137,2.85,Tau,123.6094,B7III
17675,,3.794347,-23.874677,5.24,Eri,76.9231,A1V
17696,,3.7989,-30.167882,5.52,For,82.4402,G6III
17729,,3.804519,11.143294,5.08,Tau,139.0821,B3V
17734,,3.805782,23.42125,5.44,Tau,118.3432,B8V
17755,,3.809918,-20.902977,5.81,Eri,181.8182,K5III
17757,,3.809963,-37.620155,4.3,Eri,50.7357,A+...
17763,,3.810821,0.227857,5.91,Eri,149.2537,K3III
17804,,3.818922,43.963095,5.95,Per,74.184,A9IV
17805,Atlas,3.819373,24.053415,3.62,Tau,117.2333,B8III
17809,Pleione,3.819782,24.136712,5.05,Tau,117.096,B7p
17812,,3.820476,70.87105,5.4,Cam,106.383,A2m
17833,,3.824237,-36.20025,4.17,Eri,64.3501,G8III
17842,,3.825357,65.525972,4.39,Cam,243.9024,M1III
17844,,3.825748,33.091382,5.14,Per,82.3045,A3V
17849,,3.826836,63.296967,5.82,Cam,71.6332,A5Vn
17890,,3.834564,44.967856,5.65,Per,114.6789,G2III...
17912,,3.838593,25.579362,5.24,Tau,56.4653,A2V
17917,,3.839302,71.332266,4.59,Cam,110.011,A2IVn
18038,,3.864922,34.359119,5.78,Per,258.3979,B1V
18046,,3.86673,6.534907,5.66,Tau,238.6635,B5V
18098,,3.878238,-5.361259,5.48,Eri,179.5332,B8+...
18127,,3.886123,17.327083,5.97,Tau,41.3223,F4V
18155,,3.892587,-46.893674,5.93,Hor,107.6426,K3III
18167,,3.894081,48.650495,5.76,Per,120.7729,K0III
18168,,3.894151,-34.732297,5.11,Eri,106.1571,B6/B7V
18171,,3.895195,-24.61223,4.64,Eri,115.6069,B5V
18172,,3.895345,57.975141,5.8,Cam,50.5051,A5m
18201,,3.9022,31.883635,2.84,Per,230.4147,B1Ib
18210,,3.904862,-2.95473,4.46,Eri,95.9693,G8III
18217,,3.906435,-40.357009,5.7,Eri,153.1394,K0III...
18294,,3.921147,-12.099105,5.99,Eri,49.2126,Ap SrEu(Cr)
18350,,3.932824,47.87142,5.39,Per,223.7136,B6V
18387,,3.941303,35.080899,5.49,Per,265.9574,B1.5V
18405,,3.94347,50.695381,5.28,Per,37.4392,F5IV
18424,,3.947798,22.477971,5.62,Tau,42.337,F2IV
18441,,3.952303,61.108883,4.99,Cam,448.4305,K3I-II
18458,,3.957067,63.072264,4.95,Cam,110.6195,B9.5V
18485,,3.96423,40.010215,2.9,Per,195.6947,B0.5V
18497,Zaurak,3.967157,-13.508515,2.97,Eri,62.3441,M1IIIb Ca-1
18550,,3.979095,-61.400185,4.56,Ret,161.2903,M2III
18559,,3.981221,-5.469947,5.85,Eri,46.4468,G9V
18567,Menkib,3.98275,35.791033,3.98,Per,381.6794,O7.5Iab:
18600,,3.991703,-12.574425,5.61,Eri,225.2252,K4III
18626,,3.998745,-24.016215,4.62,Eri,100.4016,Ap Si
18676,,4.011292,-30.490697,5.93,Eri,107.7586,A1V
18677,,4.011338,12.490347,3.41,Tau,148.368,B3V + A
18688,,4.013545,18.194,5.89,Tau,42.9,F4V...
18697,,4.014946,-62.159284,4.48,Ret,143.8849,M4III
18725,,4.021697,-61.078822,4.97,Ret,97.8474,K4III
18741,,4.025569,-1.54966,5.28,Eri,126.9036,B5V
18758,,4.029482,9.998017,5.67,Tau,175.1313,B5V
18813,,4.04354,-0.268923,5.38,Eri,18.8324,F5V
18860,,4.052606,5.989305,3.91,Tau,35.8551,A1V
18910,,4.06239,5.435624,5.32,Tau,196.4637,B3V
18928,,4.065723,8.197269,5.45,Tau,34.8554,F2V
18946,,4.06941,2.826947,5.36,Tau,35.3982,F6IV
18961,,4.072687,24.105993,5.46,Tau,347.2222,G0III...
18963,,4.072977,-12.792295,5.62,Eri,117.9245,K1III
18970,,4.074212,59.155507,5.0,Cam,625.0,F0II
18990,,4.078253,22.081926,4.36,Tau,57.3723,K0III
19028,,4.088958,22.008905,5.9,Tau,16.9377,G5V
19047,,4.093728,-27.651807,5.59,Eri,45.045,F0IV/V
19081,,4.100882,68.679972,5.88,Cam,191.5709,K2III
19119,,4.109735,50.351262,4.25,Per,129.3661,A0IVn
19123,,4.110114,27.599903,5.18,Tau,128.866,B9p Si
19157,,4.116795,29.001299,5.21,Tau,27.6014,F1V
19236,,4.133171,17.339897,5.89,Tau,123.1527,K5III
19287,,4.143497,38.039733,5.52,Per,20.9952,F7V
19296,,4.144357,47.712513,3.96,Per,146.1988,B3Ve
19328,,4.150436,13.398281,5.94,Tau,124.533,B9.5V
19340,,4.152768,19.609217,5.51,Tau,87.0322,K2III
19350,,4.154954,-16.385875,5.45,Eri,200.0,B5IV
19405,,4.166752,86.626139,5.84,Cep,42.2297,F5IV
19412,,4.167439,80.698681,5.1,Cep,116.4144,G8III+...
19434,,4.172923,-6.923852,5.44,Eri,107.7586,G8III
19462,,4.179935,-8.819814,5.7,Eri,87.7193,G9III:
19464,,4.180517,26.480952,5.39,Tau,62.9327,F2IV-V
19465,,4.180708,-41.993573,4.93,Hor,54.8246,A9V
19476,,4.183061,33.586792,5.75,Per,301.2048,K1II-III
19505,,4.188967,5.523047,5.71,Tau,36.9822,F4V
19522,,4.193389,-20.356157,5.8,Eri,80.9717,A1V + (F/G)
19538,Beid,4.197761,-6.837581,4.04,Eri,37.3134,F2II-III
19669,,4.225862,7.716045,5.29,Tau,36.3372,F3V...
19690,,4.232329,9.263824,4.84,Tau,101.7294,G5III
19697,,4.233363,-42.294368,3.85,Hor,35.2609,K1III
19727,,4.239914,-10.256283,4.87,Eri,74.2942,K3III
19730,,4.240404,-62.473858,3.33,Ret,49.554,G7III
19749,,4.243398,10.011406,5.22,Tau,119.9041,B9Vn
19755,,4.246819,-62.191811,5.45,Ret,80.5802,K0III
19761,,4.248143,40.483671,4.67,Per,291.5452,G5II comp
19762,,4.248295,48.409331,4.12,Per,276.2431,G0Ib...
19799,Keid,4.254537,-7.652871,4.43,Eri,4.9845,K1V
19810,,4.258905,8.892357,4.27,Tau,139.6648,B3IV
19843,,4.267097,-51.486648,4.26,Dor,20.4625,F4III
19871,,4.274738,-59.302156,4.44,Ret,18.2382,K2IV
19899,,4.278638,53.611799,5.2,Cam,100.2004,A2Vn
19918,,4.281542,61.849989,5.69,Cam,136.7989,B5Vn
19933,,4.28558,57.860355,5.72,Cam,79.8085,K1III
19940,,4.287684,20.578591,4.93,Tau,28.9436,A3m
19946,,4.288673,-6.472177,5.95,Eri,232.0186,G8III:
19970,,4.294519,-63.255405,5.88,Ret,141.2429,B+...
19992,,4.298237,-33.798348,3.55,Eri,54.5554,B9V
20001,,4.299776,-80.214033,5.67,Men,129.8701,K2/K3III+..
20021,,4.304056,50.295502,4.6,Per,96.1538,A2V
20025,,4.304466,-20.71526,6.0,Eri,462.963,M4III
20037,,4.306444,21.579297,5.64,Tau,54.0541,F0V
20106,,4.320339,50.048695,5.46,Per,74.4602,A7V
20112,,4.321301,-44.267919,5.33,Hor,77.2798,K2III
20121,,4.323916,21.142307,5.5,Tau,82.7815,B9IV
20136,,4.326862,21.773491,5.34,Tau,100.0,A0p Si
20155,Prima Hyadum,4.329889,15.627642,3.65,Tau,49.5295,G8III
20169,,4.332695,14.035201,5.58,Tau,45.7038,F3V...
20184,,4.336531,50.920933,5.55,Per,332.2259,B1.5IV
20191,,4.337341,41.80807,5.95,Per,123.1527,K0III
20200,,4.339227,27.350754,4.97,Tau,98.4252,K1III
20203,,4.340178,34.566725,4.93,Per,66.9344,G8III
20211,,4.343419,15.095453,5.26,Tau,46.9484,F0V
20214,,4.34417,-20.639622,5.38,Eri,145.7726,A0V
20216,,4.344541,65.140441,5.26,Cam,97.9432,G5III
20218,,4.34479,6.130798,5.76,Tau,110.6195,G8III-IV
20221,,4.345232,-7.592493,5.85,Eri,242.1308,B5III
20248,,4.349455,-81.57992,5.78,Men,52.0562,F0/F2III
20291,,4.357511,-0.09817,5.86,Eri,143.0615,K2
20304,,4.359211,46.498878,4.8,Per,155.521,B4IV
20326,,4.363227,60.735625,5.4,Cam,136.7989,M0III
20330,,4.364392,56.506317,5.91,Cam,96.9932,A3V
20334,,4.364796,-63.386391,5.24,Ret,117.9245,G7III
20350,,4.367643,14.077198,5.72,Tau,44.3853,A3m
20367,,4.372981,20.821416,5.91,Tau,714.2857,M0III
20380,,4.376373,25.629314,5.38,Tau,89.2857,B9V
20405,Secunda Hyadum,4.382247,17.542514,3.77,Tau,47.7099,G8III
20414,,4.384909,-24.892157,5.81,Eri,153.6098,K5III
20433,,4.390294,16.77726,5.64,Tau,49.9002,A1m
20441,,4.392324,20.982044,6.0,Tau,170.068,B8IV-V
20455,,4.394681,-3.74547,5.17,Eri,64.1026,A2V
20470,,4.397729,9.460968,5.1,Tau,121.3592,A3V
20483,Beemim,4.400613,-34.016846,3.97,Eri,90.8265,K4III
20490,,4.401599,17.44413,4.8,Tau,49.4805,A7V
20527,,4.408098,34.130758,5.73,Per,137.3626,B8V
20539,,4.410404,33.959686,5.77,Per,40.6174,F4V
20562,,4.415868,19.042013,5.97,Tau,50.5306,F4V
20567,,4.418153,-61.238193,5.94,Ret,215.0538,K4/K5III
20583,,4.422822,22.293874,4.21,Tau,47.1921,A7IV-V
20590,,4.423614,22.199998,5.27,Tau,45.3926,A7V
20597,,4.424828,17.92791,4.3,Tau,45.5373,A2IV
20652,,4.435084,31.438911,5.29,Per,77.6398,K1III
20659,,4.438461,22.813583,4.28,Tau,47.1476,A8Vn
20661,,4.439094,15.618265,4.48,Tau,49.0918,F0V...
20680,,4.443437,14.713782,4.69,Tau,127.7139,G8III
20725,,4.450806,80.824159,5.42,Cep,296.7359,G6III:
20737,,4.454847,22.996337,5.53,Tau,115.8749,B7V
20752,,4.457991,11.2123,5.87,Tau,180.1802,B8IV
20774,,4.462788,-62.521206,5.74,Ret,109.7695,K0III
20790,,4.466883,21.619907,5.72,Tau,47.1254,Am
20808,,4.470359,83.80779,5.51,Cep,232.0186,B5V
20821,,4.473167,14.740974,5.9,Tau,57.5705,F0IV
20825,,4.473992,16.359672,4.96,Tau,57.241,K2IIIvar
20832,,4.475589,1.380821,5.53,Tau,117.3709,B3V
20833,,4.476248,15.962181,3.84,Tau,47.3261,G7III
20837,Ain,4.476943,19.180431,3.53,Tau,44.964,K0III
20840,,4.47751,-19.458874,5.95,Eri,94.518,K2III
20842,Chamukuy,4.477705,15.870883,3.4,Tau,46.1042,A7III
20849,,4.480601,13.047602,5.02,Tau,48.852,A7V
20870,,4.485257,-13.04837,5.61,Eri,465.1163,B2V:ne
20930,,4.500159,83.340379,5.47,Cep,94.2507,G8III
20943,,4.502388,15.63784,5.58,Tau,45.8295,F0V...
20977,,4.509342,16.194014,4.78,Tau,43.1965,A6IV
20984,,4.510378,13.724402,5.4,Tau,45.208,F0V
20987,,4.510802,15.691879,5.47,Tau,44.9236,Am
20990,,4.511203,-35.653504,5.95,Eri,120.4819,K0II
21008,,4.513916,-44.953749,5.07,Cae,215.9827,B2IV-V
21087,,4.531296,-0.044011,4.91,Eri,201.2072,K3II-III
21096,,4.533845,53.91083,5.78,Cam,100000.0,B0III SB
21139,,4.543765,-3.209541,5.76,Eri,145.7726,B9III
21194,,4.558511,72.528605,5.94,Cam,101.7294,A8m
21195,,4.55849,-29.766492,4.49,Eri,38.956,K0III
21200,,4.559453,-62.823677,5.79,Ret,45.1467,K1III
21220,,4.564143,14.844424,4.65,Tau,48.5201,A8V
21225,,4.565202,-6.738908,5.71,Eri,253.8071,B9p Si
21228,,4.566598,-55.044975,3.3,Dor,51.7063,A0V:
21242,,4.568963,5.568616,5.67,Tau,148.5884,A2Vs
21243,,4.569897,-8.231352,5.2,Eri,304.878,M3III
21244,,4.569936,-8.970258,5.24,Eri,233.1002,K4III
21270,,4.57722,28.96115,5.88,Tau,148.8095,B9p...
21340,Theemin,4.592512,-30.562341,3.81,Eri,65.5738,G8III
21349,,4.594239,10.16079,4.25,Tau,47.8927,A5m
21368,Aldebaran,4.598677,16.509301,0.87,Tau,20.4332,K5III
21391,,4.605317,-3.352459,3.93,Eri,207.0393,B2III SB
21399,,4.606727,64.261602,5.91,Cam,135.1351,A1V
21423,,4.611508,41.264808,4.25,Per,244.4988,G8II comp
21426,,4.612677,-62.077154,5.59,Dor,54.615,M8e
21462,,4.620465,0.998314,5.32,Tau,261.0966,B7V
21494,,4.626703,-2.473548,5.22,Eri,29.4291,F0V
21535,,4.635956,16.033291,5.78,Tau,49.8256,F0V
21536,,4.635961,12.510838,4.27,Tau,47.081,A6V
21541,Sceptrum,4.63634,-14.30402,3.86,Eri,33.6814,K1III
21551,,4.637731,20.684722,5.85,Tau,101.1122,B8V
21591,,4.64821,-12.123121,4.99,Eri,71.3267,A0V
21617,,4.65171,7.870976,5.38,Tau,49.1642,A5m
21620,,4.65256,15.799846,5.08,Tau,45.0857,A4m
21630,,4.654583,15.917977,4.67,Tau,47.6872,A5Vn
21632,,4.655475,-14.359192,5.46,Eri,60.1323,K0III
21674,,4.66519,53.079535,5.07,Cam,129.5337,K0III SB
21677,,4.666126,53.473021,5.36,Cam,44.4642,A8V
21682,,4.667616,12.197609,5.45,Tau,127.7139,B8IV
21690,,4.668557,-24.482368,5.56,Eri,107.4114,G6/G8III
21710,,4.674031,-19.671493,4.32,Eri,112.9944,M3/M4III
21717,,4.676039,-41.863752,4.44,Cae,20.1654,F2V
21766,,4.688822,28.614994,5.73,Tau,116.9591,A2V
21770,,4.690032,48.300881,5.66,Per,90.9091,A0V
21794,,4.697283,38.280182,5.97,Per,31.8674,G0V
21808,,4.700965,-37.144297,5.04,Cae,28.6697,F3V
21828,,4.704084,22.956926,4.27,Tau,122.1001,B3V
21861,,4.712899,-50.481334,5.3,Pic,114.8106,K0/K1III
21875,,4.715089,43.365138,5.3,Per,73.9645,A1Vn
21896,,4.717764,-70.931027,5.53,Men,150.6024,B9IV
21905,,4.719249,-30.765557,5.66,Cae,196.8504,K3III
21919,,4.722665,49.973789,5.86,Per,209.6436,B9III
21933,,4.726318,-8.794317,5.98,Eri,653.5948,F4IIIp (Sr)
21971,,4.734811,-8.503571,5.78,Eri,100000.0,B2Ve
21975,,4.73555,-18.666586,5.53,Eri,93.8086,A1V
21987,,4.739205,-59.732733,5.28,Dor,67.0241,A8/A9III/IV
21991,,4.740508,11.146137,5.39,Ori,45.8295,F0V
22033,,4.751156,-21.283383,5.72,Eri,218.3406,K4III
22056,,4.758375,-3.254657,4.01,Eri,160.0,B5IV
22104,,4.76715,11.705591,5.35,Ori,72.1501,Am...
22123,,4.771341,18.734693,5.99,Tau,80.1925,K4III
22167,,4.779021,40.31259,5.99,Per,132.8021,G9III
22210,,4.793413,-16.934456,5.49,Eri,13.2767,G3V
22234,,4.800069,56.757183,5.29,Cam,52.7704,A3m
22272,,4.809037,-16.329484,5.76,Eri,41.7188,F8V
22283,,4.810107,-5.674045,5.77,Eri,26.4201,F8V
22308,,4.813968,75.941219,5.96,Cam,47.0588,A9IV
22340,,4.820235,31.437375,5.57,Aur,65.8328,K2III
22354,,4.821965,32.588191,5.84,Aur,83.7521,A8m
22396,Tabit,4.830669,6.961276,3.19,Ori,8.0684,F6V
22400,,4.831846,37.488275,4.89,Per,154.321,K4II
22426,,4.83656,-16.217159,5.03,Eri,72.3066,K0III
22456,,4.843534,8.900176,4.35,Ori,68.8231,A1Vn
22478,,4.848706,-53.461508,5.58,Pic,41.5628,F0IV...
22492,,4.852594,48.740685,5.64,Aur,97.1817,G9III
22496,,4.853434,5.605104,3.68,Ori,322.5806,B2III SB
22512,,4.856239,18.839861,5.08,Tau,51.2558,A7IV-V
22520,,4.857837,-34.906286,5.82,Cae,82.1693,A2/A3V
22573,,4.868109,63.505421,5.47,Cam,152.9052,M2III
22614,,4.875545,14.250642,4.71,Ori,199.6008,M3Sv
22626,,4.877218,36.703187,4.79,Aur,184.5018,K3III
22644,,4.879754,27.897485,5.97,Tau,106.383,F2IV
22646,,4.879933,42.586626,5.68,Aur,138.8889,A3III
22648,,4.881575,-5.452695,4.36,Eri,72.0461,A9IV
22677,,4.889659,2.508225,5.33,Ori,181.1594,M1III
22730,,4.900836,66.342678,4.26,Cam,100000.0,O9.5Ia SB:
22744,,4.904193,2.440672,3.71,Ori,411.5226,B2III SB
22780,,4.913027,11.426006,5.18,Ori,69.979,A3V
22781,,4.913273,7.779097,5.33,Ori,147.7105,K1III
22787,,4.914086,0.467167,5.98,Ori,222.2222,B5V
22792,,4.914924,10.150833,4.64,Ori,35.6633,A0V
22801,,4.917537,55.259109,5.52,Cam,190.1141,B9.5V
22808,,4.918562,-16.74067,5.71,Eri,145.1379,G8/K0III
22818,,4.919765,-74.936852,5.47,Men,204.918,K6III
22828,,4.921847,-16.417767,5.71,Eri,85.3242,G6/G8III
22860,,4.930598,15.040278,5.79,Ori,111.4827,B9V
22883,,4.935299,52.869761,5.75,Cam,129.7017,A2Vs
22904,,4.939521,13.514466,4.06,Ori,57.0125,K2III
22905,,4.940052,-5.171356,5.5,Eri,227.2727,B6V
22961,Hassaleh,4.949894,33.16609,2.69,Aur,151.2859,K3IIvar
22987,,4.95478,53.752101,4.43,Cam,114.0251,A1V
22989,,4.956206,17.153677,5.51,Tau,146.1988,K1III
23014,,4.963513,23.948562,5.79,Tau,139.6648,G8III:
23034,,4.969275,25.050405,5.79,Tau,87.184,A0V
23069,,4.975806,1.714016,4.47,Ori,289.8551,K2IIvar
23094,,4.980829,-82.470512,5.84,Men,113.1222,G8III
23112,,4.983713,-16.376027,5.65,Lep,40.4694,F5V
23125,,4.987612,37.890245,4.93,Aur,52.2739,A1V
23167,,4.997348,-10.263325,5.39,Eri,53.9665,G4V
23177,,4.998816,-12.537416,4.78,Eri,88.968,F0V
23207,,5.005095,39.394701,5.95,Aur,59.7372,F5V
23211,,5.005755,81.194088,5.09,Cep,117.7856,K3III
23307,,5.023772,-20.051918,4.91,Lep,60.6796,B9V
23309,,5.023985,-7.173965,4.8,Eri,226.7574,B3V
23353,,5.030654,0.722112,5.91,Ori,145.1379,K0
23361,Almaaz,5.032815,43.823308,3.03,Aur,653.5948,F0Ia
23375,,5.03606,-26.275029,5.01,Lep,71.4796,K1III
23391,,5.039668,-31.771333,5.92,Cae,95.511,K2III
23398,Saclateni,5.041301,41.075837,3.69,Aur,240.9639,K4II comp
23412,,5.045279,-71.3143,5.3,Men,243.309,G8III
23419,,5.045828,-22.795052,5.74,Lep,143.472,K1IV
23420,,5.045943,-4.210121,5.86,Eri,91.9118,K3
23428,,5.046861,-49.151407,5.37,Pic,26.0756,F2V
23442,,5.051596,21.589962,4.62,Tau,52.9661,A7V
23467,,5.05697,60.442245,4.03,Cam,267.3797,G0Ib
23499,,5.064797,-24.388151,5.61,Lep,58.1734,A2IV
23540,,5.07344,-35.482978,4.55,Cae,55.5864,K2III
23552,,5.076153,15.404105,4.65,Ori,111.9821,A0p Si
23594,,5.082776,-49.577837,5.05,Pic,136.0544,M2IIIvar
23613,,5.087832,-26.152391,5.71,Lep,76.2195,K2III
23630,,5.091018,-22.371032,3.19,Lep,65.4022,K4III
23638,,5.091853,-57.472704,4.71,Dor,11.6455,F7V
23679,,5.102349,58.972372,5.22,Cam,210.084,B2.5Ve
23709,,5.108245,61.169756,6.0,Cam,143.8849,K5II
23712,Haedus,5.10858,41.234474,3.18,Aur,74.6269,B3V
23728,,5.111289,51.59772,4.98,Aur,26.2881,F0V
23739,,5.112681,-4.655163,5.12,Eri,94.697,B9.5V
23776,,5.1236,-12.491269,5.97,Lep,36.6972,G2V
23780,,5.124164,18.645052,4.91,Tau,15.4345,G4V
23785,,5.126116,-63.399679,5.19,Dor,173.3102,M3III
23816,,5.130111,20.418379,5.28,Tau,58.1058,A5V
23820,Cursa,5.130829,-5.086446,2.78,Eri,27.3973,A3IIIvar
23824,,5.131359,8.498429,5.33,Ori,64.6412,Am
23828,,5.132066,21.704821,5.84,Tau,331.1258,B2Ve
23845,,5.135173,24.265175,5.5,Tau,458.7156,B2V...
23861,,5.138942,-8.665324,5.8,Eri,208.7683,B8V
23886,,5.145472,-4.456207,5.11,Eri,25.4582,F2V
23917,,5.15244,-8.754081,4.25,Eri,248.7562,B2IVn
23928,,5.155456,9.829579,5.43,Ori,54.7046,A2m
23955,,5.161654,15.597232,4.81,Ori,165.0165,F2IV
23964,,5.162524,28.030461,5.93,Tau,52.6039,A5m
24052,,5.178585,46.96207,5.67,Aur,48.6855,F5V
24105,,5.18866,-2.490782,5.89,Ori,37.6223,F5V
24112,,5.189686,-11.849089,5.6,Lep,149.0313,M6.2III
24140,,5.194879,16.045673,5.18,Ori,105.2632,K5III
24146,,5.195931,1.037028,5.88,Ori,195.3125,F5
24187,,5.204973,-11.869219,4.45,Lep,71.0732,B8V
24197,,5.206237,73.946674,5.44,Cam,115.8749,B9p Si
24237,,5.213369,-6.05719,5.9,Ori,143.8849,G7III
24249,,5.215528,-16.205468,3.29,Lep,57.0125,B9IV: HgMn
24270,,5.220522,-12.941291,4.36,Lep,223.2143,B7V
24274,,5.221523,2.861265,4.46,Ori,107.2961,K3III...
24283,,5.223811,38.484498,4.82,Aur,46.9043,A4m
24314,,5.229288,-67.185255,4.81,Dor,150.6024,K2III
24368,,5.241346,-35.976996,5.75,Col,152.439,G8III
24378,Rigel,5.242298,-8.20164,0.18,Ori,264.5503,B8Ia
24392,,5.245569,5.156151,5.5,Ori,149.0313,K4III
24446,,5.25677,-26.943509,5.06,Lep,85.2515,B9V
24448,,5.256777,32.6876,5.01,Aur,87.5657,A9IV
24496,,5.267815,11.341354,5.52,Ori,135.8696,A0V
24516,,5.271708,34.312317,5.99,Aur,574.7126,O9.5Vvar
24549,Capella,5.27815,45.997991,0.08,Aur,13.1234,M1: comp
24599,,5.291411,-34.895207,4.81,Col,32.4465,K0/K1III/IV
24614,,5.293442,-6.844409,3.59,Ori,151.5152,B5III
24619,,5.294512,-13.519826,5.48,Lep,49.0196,G8IV
24667,,5.302935,33.371613,4.54,Aur,71.2251,K3III...
24672,,5.30368,73.268071,5.81,Cam,111.2347,A0V
24678,,5.304359,42.792111,5.55,Aur,172.7116,M4III
24726,,5.314017,-18.13005,5.96,Lep,25.025,G0V
24739,,5.316674,33.748394,5.38,Aur,126.7427,A0p...
24753,,5.318995,40.099051,4.69,Aur,12.631,G0V
24757,,5.319783,2.595806,5.34,Ori,61.9579,F5IIvar
24762,,5.321278,22.096494,4.96,Tau,75.815,G8III
24769,,5.322813,-50.605967,5.44,Pic,35.7143,F7III-IV
24771,,5.323246,-27.368884,5.98,Col,134.0483,A0V
24785,,5.326257,-13.176788,4.29,Lep,261.0966,B0.5IV
24813,,5.333062,-12.315585,5.29,Lep,102.2495,B7/B8V
24819,,5.333589,33.958054,5.05,Aur,636.9427,A5IIvar
24842,,5.337409,41.086212,5.46,Aur,84.9618,A3V
24853,,5.339615,62.653711,5.64,Cam,628.9308,K4Iab:
24866,,5.340811,-21.239763,4.7,Lep,127.551,A0V
24940,,5.353524,29.569884,5.66,Aur,88.574,A1Vs
24967,,5.358845,-0.416491,5.68,Ori,307.6923,B3V
24980,,5.3621,8.428556,5.78,Ori,436.6812,B1V...
24983,,5.362708,-0.382465,4.72,Ori,284.9003,B2IV-V
24984,,5.362849,-24.772981,5.06,Lep,107.8749,A2/A3
24987,,5.363448,41.804572,5.22,Aur,162.3377,B5V
25047,,5.376036,79.231149,5.08,Cam,20.8855,F6V
25079,,5.380556,3.544452,4.99,Ori,476.1905,B1V
25080,,5.380644,41.02926,5.54,Aur,89.6861,A3V
25124,,5.388475,-8.415595,5.99,Ori,122.6994,B8+...
25131,,5.390006,-39.678423,5.73,Col,199.2032,M2III
25134,,5.391065,57.544395,5.24,Cam,103.0928,A0Vn
25139,,5.39171,-13.927352,5.25,Lep,505.0505,B2IV
25160,,5.395086,-0.159818,5.69,Ori,268.8172,B1.5V
25184,,5.399119,-7.808065,4.13,Ori,48.2393,G8III
25215,,5.407071,17.383534,5.0,Tau,14.3864,F8V SB
25217,,5.407914,-16.975781,5.64,Lep,68.2594,A0V
25218,,5.407949,-2.397146,3.35,Ori,299.4012,B1V + B2
25219,,5.40803,-0.891328,5.07,Ori,57.2082,K0III
25228,,5.4107,31.143148,5.94,Aur,211.4165,B9III
25229,,5.410873,37.385346,5.02,Aur,143.2665,K4III
25239,,5.412452,1.846445,4.89,Ori,318.4713,B1V:pe
25266,,5.417151,-10.328887,5.6,Ori,133.8688,K5III
25273,Bellatrix,5.418851,6.349702,1.64,Ori,77.3994,B2III
25334,,5.433285,-19.695399,5.78,Lep,45.0248,F5V
25364,Elnath,5.438198,28.60745,1.65,Tau,41.0509,B7III
25365,,5.438687,-58.91252,5.14,Dor,140.4494,G6III
25407,,5.44689,34.39181,5.92,Aur,645.1613,A1p
25409,,5.447286,3.095674,4.59,Ori,348.4321,B2IV
25424,,5.451478,-40.94351,5.86,Col,91.9118,A7m
25428,,5.452298,30.208603,5.69,Aur,440.5286,B9Ib
25435,,5.452804,17.962216,5.4,Tau,168.3502,B5V
25475,,5.460579,21.936965,4.88,Tau,191.5709,B2.5IV
25477,,5.460802,34.475892,5.08,Aur,138.8889,K4IIIp
25491,,5.462669,15.874052,5.52,Tau,130.039,B9.5Vn
25519,,5.467114,17.23913,5.77,Tau,187.9699,M1III
25542,Nihal,5.470756,-20.759441,2.81,Lep,49.1642,G5II
25544,,5.470926,-37.230767,5.56,Col,87.7963,A0V
25631,,5.487916,25.150215,5.47,Tau,130.3781,B9Vn
25644,,5.489913,-3.446394,5.8,Ori,151.0574,K1III...
25673,,5.49555,-1.092239,4.71,Ori,155.7632,K5III
25687,,5.498548,1.78926,5.77,Ori,438.5965,B2V
25704,,5.502632,-47.077655,5.46,Pic,44.1306,G3IV
25705,,5.502835,63.06722,5.43,Cam,288.1844,M1III
25726,,5.507268,15.360449,5.93,Ori,77.5795,A3Vn
25749,,5.51307,5.948139,4.2,Ori,92.8505,B5V
25752,,5.513514,41.461994,5.99,Aur,128.866,K0IIIp
25788,,5.518785,-20.863659,5.53,Lep,83.2639,A0V
25794,,5.520209,-35.470519,3.86,Col,80.7103,K1II/III
25796,,5.520703,3.292133,5.46,Ori,348.4321,B1.5V
25822,,5.526666,-45.925317,5.86,Pic,168.0672,K3III
25853,,5.531318,-76.340964,5.18,Men,31.3578,K4III
25858,,5.532183,-7.301537,4.62,Ori,877.193,B0V
25865,Mintaka,5.533445,-0.299092,2.25,Ori,212.3142,O9.5II
25880,,5.536875,18.594234,4.32,Tau,549.4505,M2Ib
25883,,5.537262,17.058128,5.5,Tau,917.4312,B7III
25915,,5.54482,-1.591831,5.34,Ori,478.4689,B1IV
25919,,5.545465,32.192022,4.71,Aur,100000.0,B5Iab
25920,Arneb,5.545504,-17.822289,2.58,Lep,680.2721,F0Ib
25928,,5.547613,-38.513371,5.45,Col,52.8262,K2/K3III
25936,,5.549873,-64.227517,5.34,Dor,71.0227,G8/K0III
25954,,5.552049,-35.139376,5.75,Col,78.9266,K0III
25998,,5.558735,-1.156073,5.36,Ori,450.4505,B1V
25999,,5.558786,18.540231,5.67,Tau,476.1905,B2IV-Ve
26004,,5.560421,-62.489825,3.76,Dor,308.642,F6Ia
26028,,5.565079,14.305578,5.6,Ori,136.7989,B3V
26044,,5.567791,-1.470253,5.92,Ori,209.6436,K5III
26061,,5.571326,3.766895,5.32,Ori,84.6024,A2V
26104,,5.579106,-73.741277,5.79,Men,333.3333,M2/M3III
26111,,5.580344,9.489579,4.39,Ori,333.3333,B0IV...
26132,,5.583613,-6.00927,5.67,Ori,826.4463,B1Vvar
26134,,5.584078,-6.002027,4.78,Ori,495.0495,B0.5V
26142,Meissa,5.585633,9.934158,3.39,Ori,336.7003,O...
26150,,5.587011,10.240093,5.6,Ori,343.6426,B9IIIMNp...
26154,,5.587631,-33.079724,5.76,Col,92.4214,K0III
26155,,5.587728,-5.387315,4.98,Ori,100000.0,O7
26156,,5.587907,-5.389696,5.13,Ori,100000.0,O6pe
26170,,5.589695,-5.41606,4.98,Ori,473.9336,O9.5Vpe
26172,,5.589768,-4.838358,4.58,Ori,271.0027,B2III...
26176,Hatysa,5.590551,-5.909901,2.75,Ori,714.2857,O9III
26182,,5.590869,24.039589,5.37,Tau,169.4915,B2.5IV
26203,,5.594301,-4.856067,5.24,Ori,110.2536,F0III
26246,Alnilam,5.603559,-1.20192,1.69,Ori,606.0606,B0Ia
26279,,5.609784,54.428658,5.74,Aur,228.833,M0III
26280,,5.609915,-6.064752,5.71,Ori,471.6981,B1V...
26301,,5.615108,9.290673,4.09,Ori,36.0231,G8III-IV
26317,,5.617704,17.040324,5.53,Tau,48.5909,F0V
26321,,5.617884,11.035005,5.97,Ori,251.8892,K4II SB
26330,,5.61916,-80.469122,5.65,Men,18.315,G3IV
26331,,5.619123,26.924473,5.83,Tau,154.7988,B9IV-V
26386,Tianguan,5.627413,21.142549,2.97,Tau,136.4256,B4IIIp
26395,,5.629061,-28.68969,5.28,Col,40.7997,F5V
26422,,5.633644,7.54142,5.87,Ori,239.2344,B8III
26470,,5.643881,-6.573959,5.96,Ori,411.5226,B1.5IV
26471,,5.643913,30.492412,5.4,Aur,173.6111,A2V + GIII
26480,,5.645424,-40.707306,5.81,Col,134.7709,B8V
26484,,5.645769,-2.600069,3.77,Ori,328.9474,O9.5V...
26497,,5.648079,-7.212829,4.77,Ori,44.603,A4V
26529,,5.653096,4.121467,4.5,Ori,423.7288,B3IIIe
26541,,5.655087,29.215213,5.98,Aur,324.6753,B2IV-V
26559,,5.658653,-3.564704,5.99,Ori,42.5713,A8Vs
26569,Phact,5.660817,-34.074108,2.65,Col,80.1282,B7IV
26575,,5.662277,25.897091,5.18,Tau,131.0616,B3IV
26584,,5.663845,-32.629216,5.44,Col,129.3661,G6/G8III
26662,Alnitak,5.679313,-1.942572,1.74,Ori,225.7336,O9.5Ib SB
26671,,5.680754,-1.128787,4.95,Ori,275.4821,B2IV-V
26697,,5.684888,0.337753,5.93,Ori,47.9386,F0IV
26711,,5.688255,16.534148,4.84,Tau,194.9318,B3IV...
26800,,5.703877,-22.373715,5.88,Lep,304.878,A2/A3V
26803,,5.704221,-34.667812,5.29,Col,131.406,B9/B9.5V
26817,,5.707347,65.697649,5.62,Cam,83.612,K5III
26820,,5.707953,1.474629,4.9,Ori,90.009,K1III
26860,,5.714976,-6.796168,5.97,Ori,49.95,F3V
26900,,5.722686,-18.557475,5.73,Lep,75.0751,A0V
27006,,5.741057,-22.448382,3.59,Lep,8.927,F7V
27034,,5.746223,-65.735526,4.34,Dor,45.8716,A7V
27130,,5.765012,49.826255,5.46,Aur,126.7427,A0p...
27138,,5.766637,-32.306435,5.18,Col,408.1633,B1IV/V
27177,,5.77427,-46.59718,5.31,Pic,143.8849,K0/K1II
27183,,5.775106,56.115575,5.93,Cam,60.7903,A4Vn
27187,,5.776364,1.168193,5.95,Ori,39.2773,G4V
27198,,5.779305,15.822497,6.0,Tau,225.2252,B8IIIMNp...
27212,,5.781149,9.522343,5.78,Ori,91.3242,G8III
27220,,5.782595,-14.82195,3.55,Lep,21.6076,A2Vann
27248,,5.786987,14.488322,5.72,Tau,104.1667,A3Vn
27253,,5.788079,-51.066514,3.85,Pic,19.4401,A3V
27270,,5.79061,17.729141,5.47,Tau,546.4481,F0III
27296,,5.795252,13.899599,5.28,Tau,194.1748,B2IV-V
27298,Saiph,5.795941,-9.669605,2.07,Ori,198.4127,B0.5Iavar
27318,,5.800065,6.454156,5.26,Ori,165.0165,A5V
27367,,5.809706,-4.094648,5.97,Ori,15.1768,G4V
27399,,5.816935,24.567535,4.88,Tau,111.4827,G8IIIvar
27414,,5.819567,39.181071,4.51,Aur,63.4115,G8III
27442,,5.825814,12.651324,4.89,Tau,76.2777,B9IV
27448,,5.826817,-14.483665,5.49,Lep,82.0345,G8III
27461,,5.830451,-56.166663,4.5,Pic,54.2005,K1III
27464,,5.831528,-22.971872,5.87,Lep,170.3578,A1V
27465,,5.831539,-66.901187,5.1,Dor,176.0563,B6V
27481,,5.834079,9.871218,5.79,Ori,109.8901,G8III
27491,,5.836962,4.423406,5.96,Ori,178.2531,K2III
27497,,5.837999,-79.361362,5.46,Men,87.4126,B9.5V
27514,,5.841363,14.305608,5.54,Tau,97.0874,G9III:
27519,,5.841674,2.0247,5.97,Ori,316.4557,G8III+...
27552,,5.848117,-52.108873,5.16,Pic,78.6164,G8III
27559,Wazn,5.849329,-35.768309,3.12,Col,26.7308,K1.5III
27560,,5.849475,27.967861,5.6,Tau,107.0664,G7III:
27569,,5.850675,37.305573,4.72,Aur,160.2564,M1III
27585,,5.855357,-20.879089,3.76,Lep,34.8675,G8III/IV
27589,,5.856107,-7.518003,5.36,Ori,321.5434,B2IV-V
27604,,5.858166,39.14848,3.97,Aur,70.6215,K0III
27644,,5.868814,-9.0419,5.95,Ori,98.912,A2Vn
27668,,5.872276,-57.156191,5.93,Pic,132.626,F7IV
27673,,5.872859,14.171787,5.6,Tau,130.039,B9p...
27678,,5.873168,19.867849,5.96,Ori,343.6426,B9V + G
27681,,5.874011,1.855134,4.76,Ori,386.1004,K2IIvar
27697,,5.875883,-37.631063,5.62,Col,98.7167,K1III
27741,,5.885245,-33.801361,4.88,Col,102.5641,B5V
27761,,5.88879,27.612262,4.56,Tau,129.7017,A0V
27821,,5.901658,-63.089627,4.65,Dor,26.2467,K1III/IV
27844,,5.906386,20.276174,4.39,Ori,8.6633,G0V
27869,,5.912119,-11.774192,5.62,Lep,203.252,K3 comp
27870,,5.912232,0.968615,5.99,Ori,268.0965,K0III
27878,,5.913916,-52.635481,5.29,Pic,34.6981,F0Ve...
27880,,5.914107,55.706947,4.96,Aur,73.046,A2V
27886,,5.91458,-39.957857,5.55,Col,155.2795,M0III
27896,,5.915746,19.749614,5.92,Ori,558.6592,B2V
27902,,5.916063,59.888367,5.2,Cam,143.6782,A2V
27904,,5.916387,31.701496,5.9,Aur,84.9618,A5IV
27919,Betelgeuse,5.919529,7.407063,0.45,Ori,152.6718,M2Ib
27940,,5.924975,-37.120668,4.97,Col,102.0408,K1IIICN...
27941,,5.925048,-4.616546,5.87,Ori,96.9932,K2III:
28014,,5.937296,-22.839975,5.95,Lep,88.6525,K0/K1III
28027,,5.939151,-31.38244,5.52,Col,510.2041,F2III
28032,,5.940082,-14.1677,3.71,Lep,14.8787,F1V
28040,,5.941121,9.509396,5.97,Ori,120.048,A0IV
28067,,5.947069,11.521058,5.89,Ori,94.6074,K2III
28127,,5.958947,-35.28328,4.36,Col,266.6667,B2.5IV
28165,,5.966571,25.953912,4.81,Tau,476.1905,B1Ib
28199,,5.973456,1.837108,5.89,Ori,111.7318,A5me del Del
28215,,5.977097,-44.034562,5.81,Pic,362.3188,G8II
28224,,5.980437,0.552979,5.21,Ori,136.612,A1Vs
28230,,5.981455,12.808264,5.7,Ori,243.309,K2III...
28253,,5.984531,-9.55825,5.04,Mon,87.7963,A6m
28256,,5.985778,-42.815135,3.96,Col,144.7178,K0III
28271,,5.989384,49.92454,5.9,Aur,328.9474,G5III
28287,,5.992111,54.284656,3.72,Aur,38.6399,K0III
28288,Menkalinan,5.992149,44.947433,1.9,Aur,24.8694,A2V
28309,Mahasim,5.995351,37.212585,2.65,Aur,50.7614,A0p Si
28333,,5.998917,45.936736,4.3,Aur,230.4147,M3IIvar
28342,,6.00093,-3.074253,4.53,Ori,129.0323,K2IIIvar
28413,,6.013661,-51.216319,5.65,Pic,65.189,A1m...
28428,,6.016267,47.901923,5.71,Aur,354.6099,B9.5p SiFe
28453,,6.021194,-33.911835,5.54,Col,188.3239,K5III
28491,,6.028627,48.959445,5.98,Aur,242.1308,K0
28503,,6.030673,-10.59793,4.92,Mon,240.3846,B5III
28543,,6.039722,9.647276,4.12,Ori,47.5059,Am...
28604,,6.054333,-26.284544,5.03,Lep,124.6883,K3II/IIICNv
28620,,6.057602,19.690561,5.14,Ori,220.2643,B8V
28645,,6.065329,20.138452,4.64,Ori,552.4862,B2Iavar
28664,,6.068671,23.263341,4.16,Gem,47.5511,G7III
28673,,6.070417,-6.708941,5.19,Mon,403.2258,B2Vne+
28685,,6.072296,-32.17243,5.65,Col,308.642,B2V
28719,,6.077811,-45.078932,5.93,Pup,26.8962,F4V
28741,,6.082829,5.41997,5.67,Ori,401.6064,G7III:
28742,,6.082878,4.158671,5.63,Ori,100000.0,G4III
28744,,6.083091,-16.484435,4.92,Lep,278.5515,Ap shell
28751,,6.084276,42.981635,5.9,Aur,49.7265,F3V
28782,,6.090842,-10.242596,5.88,Mon,54.9149,F4V:
28783,,6.090882,-35.513647,5.8,Col,83.1255,A0V
28827,,6.101538,-29.758624,5.79,Col,85.2515,A1V
28837,,6.10259,-14.935254,4.67,Lep,52.9661,A0V
28838,,6.102603,-66.039621,5.72,Dor,98.6193,A0V
28871,,6.108916,-23.110846,5.46,Lep,141.0437,A2V
28874,,6.109749,38.482644,5.35,Aur,104.4932,A4m
28877,,6.11076,-4.193836,5.37,Mon,324.6753,B5IV
28912,,6.115976,-21.812299,5.74,Lep,384.6154,M3II/III
28919,,6.117604,-62.154581,5.04,Pic,110.8647,K2/K3III
28920,,6.117686,-34.312021,5.82,Col,312.5,B4Vnn
28962,Elkurud,6.125453,-37.25292,5.0,Col,221.2389,B8:IV
28966,,6.126201,14.768472,4.42,Ori,158.2278,B3IV
28976,,6.128233,-19.165866,5.28,Lep,257.0694,M1III
28992,,6.13135,-42.154043,5.5,Col,74.4602,A0V
29061,,6.145643,-68.843409,5.06,Dor,91.9118,B8V
29078,,6.149407,-22.427412,5.49,Lep,75.5287,A0V
29079,,6.149418,2.499692,5.7,Ori,200.8032,A3Vn
29123,,6.15901,22.190262,5.93,Gem,632.9114,K4III
29132,,6.15959,-14.584619,5.56,Lep,63.8162,K2III
29152,,6.162218,23.113466,5.75,Gem,100000.0,B2.5Ib
29161,,6.163322,-22.774343,5.71,Lep,49.0436,F5V
29173,,6.16639,58.935694,5.35,Cam,116.8224,G8III
29190,,6.169558,-40.353792,5.54,Col,261.0966,M2II/III
29198,,6.170632,-74.753045,5.08,Men,10.1978,G5V
29203,,6.171642,-54.968645,4.72,Pic,398.4064,B0.5IV
29221,,6.1763,-27.154343,5.72,Lep,101.1122,K1III
29280,,6.1875,-65.589417,5.01,Dor,196.4637,M2.5III
29306,,6.192307,24.420253,5.83,Gem,174.216,K0III
29315,,6.193496,48.710989,5.78,Aur,102.459,A3V+...
29344,,6.197726,-6.550287,5.06,Mon,366.3004,B2V
29353,,6.198999,14.208765,4.45,Ori,186.2197,B3IV
29360,,6.200372,19.790543,5.76,Ori,255.102,B9.5V
29361,,6.200911,16.130406,4.95,Ori,162.0746,B5Vn
29378,,6.20559,32.69338,5.78,Aur,285.7143,M1III
29417,,6.214182,65.718422,5.36,Cam,219.2982,K2II-III
29501,,6.231732,-3.741374,5.83,Ori,94.2507,G8III
29543,,6.241273,17.906353,5.86,Ori,162.0746,A6m
29556,,6.243529,-4.568457,5.83,Mon,196.0784,B5V
29577,,6.247467,19.156448,5.2,Ori,20.816,F6V
29578,,6.247592,-6.274776,3.99,Mon,152.6718,K3III
29582,Propus,6.247961,22.506799,3.31,Gem,117.9245,M3III
29605,,6.252334,-20.272186,5.88,CMa,226.2443,K2III
29606,,6.252353,13.851098,5.91,Ori,366.3004,B1V
29619,,6.254923,-18.477163,5.99,CMa,62.5391,K1III
29623,,6.256304,29.498076,4.32,Aur,54.2594,G8IIIvar
29631,,6.25698,16.143175,5.34,Ori,160.2564,B7V
29638,,6.258243,-4.914719,5.99,Mon,65.0618,A5IVs
29643,,6.259518,-0.512189,5.62,Ori,37.1885,F6V
29657,,6.261257,59.998975,5.37,Cam,150.8296,K3III
29662,,6.262468,-13.718414,5.0,CMa,125.0,B9V
29663,,6.26249,12.551067,5.44,Ori,357.1429,B9II-III
29698,,6.268803,-16.618006,5.97,CMa,238.6635,B2/B3V
29727,,6.274061,12.272163,5.04,Ori,19.2493,F5IV-V
29734,,6.275871,-35.140519,4.37,Col,55.9597,G8II
29735,,6.276553,-39.264394,6.0,Col,123.3046,A2Vm...
29769,,6.283675,-37.737445,5.54,Col,91.5751,K2III
29777,,6.285172,9.94239,5.39,Ori,69.1085,A2V
29779,,6.285991,-37.253498,5.88,Col,61.9195,A2V
29787,,6.287816,5.100112,5.7,Ori,19.2493,G0.5Vb
29822,,6.294923,-16.815908,5.15,CMa,189.7533,K1III
29846,,6.298563,61.515286,5.01,Lyn,195.6947,M3III
29868,,6.303813,-19.966974,5.51,CMa,243.9024,B2/B3V
29922,,6.314051,-9.390018,5.36,Mon,144.0922,K1III
29924,,6.314105,69.319787,4.76,Cam,53.6481,A0Vn
29938,,6.316382,-20.925611,5.79,CMa,537.6344,B3II/III
29987,,6.327052,59.010964,4.44,Lyn,48.0077,A2Vs
29996,,6.328043,-34.396591,5.76,Col,125.0,B9V
30000,,6.328555,-7.822908,5.27,Mon,267.3797,B2.5V
30020,,6.333222,-2.944493,4.91,Ori,142.4501,M1III
30026,,6.334507,14.651127,5.67,Ori,181.8182,K3Ib
30049,Furud,6.338553,-30.063367,3.02,CMa,111.1111,B2.5V
30070,,6.3434,-34.144144,5.55,Col,595.2381,B3V
30141,,6.356865,-11.773238,5.48,CMa,337.8378,B1Vpe SB
30174,,6.362811,53.452179,5.34,Aur,59.2066,F5III...
30204,,6.368564,-33.4364,3.85,Col,71.736,G7II
30245,,6.376776,12.570237,6.0,Ori,69.8324,F0III
30248,,6.37729,-69.984043,5.56,Dor,189.7533,K5III
30251,Mirzam,6.378329,-17.955918,1.98,CMa,151.0574,B1II/III
30269,,6.382179,-56.369969,5.6,Pic,48.2625,Am
30270,Tejat,6.382673,22.513586,2.87,Gem,71.0227,M3IIIvar
30346,,6.396135,4.592865,4.39,Mon,37.4953,A5IV
30363,,6.398866,-25.577629,5.61,CMa,310.559,K5III
30365,Canopus,6.399195,-52.69566,-0.62,Car,94.7867,F0Ib
30371,,6.400281,-36.707764,5.62,Col,101.5228,K1II/III
30384,,6.402867,-11.530088,5.21,CMa,106.8376,K3III
30390,,6.40385,-60.281325,5.78,Pic,93.0233,A0V
30447,,6.414973,49.287893,4.92,Aur,100000.0,K5Iabvar
30472,,6.421263,-0.945883,5.88,Mon,33.5683,F8V
30492,,6.424623,-69.690299,5.37,Dor,82.7815,G8III
30518,,6.428793,-48.176898,5.76,Pup,180.1802,B9V
30578,,6.440514,56.285096,5.53,Lyn,74.9625,A3m
30593,,6.444329,-1.507336,5.87,Mon,72.4638,A3Vn
30606,,6.44691,58.417409,5.21,Lyn,191.9386,K4III
30630,,6.451147,-58.002116,5.82,Pic,172.7116,K3III
30644,,6.453823,0.299246,5.19,Mon,260.4167,K1II
30647,,6.454331,-0.275999,5.55,Mon,212.3142,K5III
30655,,6.455681,2.908288,5.55,Mon,94.4287,G9III
30699,,6.465992,-4.762154,5.06,Mon,333.3333,B2V
30715,,6.469503,-32.58007,4.47,CMa,129.8701,B4V
30754,,6.476136,30.493034,5.75,Aur,100000.0,F5.5Ibv
30763,,6.477061,-17.466009,5.76,CMa,139.8601,K0III
30767,,6.477568,-32.371279,5.74,CMa,264.5503,B5IV
30794,,6.480297,-7.033062,3.76,Mon,207.4689,B3Ve
30810,,6.482719,20.212133,4.13,Gem,166.9449,B6III
30859,,6.491255,-56.852766,5.2,Pic,93.2836,K0III
30880,,6.496969,-50.239085,5.28,Pup,51.4403,F2V
30899,,6.500827,46.685554,5.88,Aur,187.2659,K4III
30913,,6.503132,-10.081511,5.92,Mon,319.4888,K0
30964,,6.512858,-27.769575,5.92,CMa,377.3585,B3IV/V
30966,,6.51309,58.162633,5.86,Lyn,55.8036,K0IV
30999,,6.520304,-35.25884,5.82,Col,188.6792,G8III+...
31005,,6.521744,-51.825953,5.58,Car,36.914,F8V
31010,,6.523068,-12.391953,5.16,CMa,112.3596,K1III
31045,,6.530083,11.544412,5.22,Mon,63.6537,A3V
31048,,6.530573,-8.158235,5.43,Mon,214.1328,K2III
31052,,6.530935,-23.418422,4.34,CMa,423.7288,B1III
31062,,6.532864,-58.753835,5.69,Pic,232.0186,B9V
31082,,6.538668,4.855999,5.88,Mon,172.4138,K0V
31088,,6.539271,-37.696702,5.25,Col,83.7521,G8III
31090,,6.539758,-5.86882,5.6,Mon,41.841,F0Vnn+...
31096,,6.540885,32.454898,5.82,Aur,80.5802,A3m + A3m
31113,,6.54416,-32.030447,5.73,CMa,537.6344,B2V
31139,,6.548396,7.332965,4.47,Mon,100000.0,A0Ib
31200,,6.560046,14.155163,5.57,Gem,77.0416,K2III:
31201,,6.560534,-1.220154,5.09,Mon,169.7793,B5Vn
31222,,6.563745,-36.232029,5.42,Col,120.048,K3III
31285,,6.576481,-32.716255,5.62,CMa,161.2903,B9V
31330,,6.58294,-52.975607,4.35,Car,418.41,B9III
31339,,6.584274,-22.964793,4.54,CMa,135.318,A0III
31357,,6.586684,28.022314,5.26,Aur,113.3787,A0Vnn
31367,,6.58773,0.890216,5.78,Mon,467.2897,B8Ib
31369,,6.588221,9.988335,5.93,Mon,469.4836,K4III
31378,,6.590061,-36.779879,5.59,Col,156.25,A0V
31484,,6.606347,-18.659904,5.71,CMa,107.5269,G8/K0III+..
31499,,6.609121,38.4455,5.4,Aur,100000.0,C5II
31503,,6.609814,-5.211143,5.52,Mon,230.9469,B8V
31512,,6.611399,-19.255879,3.95,CMa,19.7511,K1III+...
31518,,6.612944,-13.321036,5.95,CMa,210.9705,K4/K5III
31557,,6.62051,-36.990651,5.72,Col,350.8772,B6IV
31585,,6.627332,56.857531,5.87,Lyn,101.7294,A2V
31596,,6.6282,61.481233,5.94,Lyn,52.0562,G8IV-V
31601,Alhena,6.628528,16.399252,1.93,Gem,33.5121,A0IV
31605,,6.629353,-43.195934,3.17,Pup,113.8952,B8III SB
31608,,6.629891,-32.339735,5.25,CMa,123.3046,K1III
31620,,6.631506,-18.237478,4.42,CMa,129.199,K0II/III
31657,,6.639725,28.984354,5.76,Aur,106.2699,B9npe...
31685,,6.643787,-48.220183,5.05,Pup,146.1988,G8III
31691,,6.644317,39.390854,5.7,Aur,149.7006,K5III
31709,,6.646995,39.902559,5.34,Aur,420.1681,B8III
31746,,6.654644,-14.145764,4.82,CMa,303.0303,K2III
31751,,6.655507,42.488877,4.8,Aur,127.551,K3III
31787,,6.66185,-30.470491,5.7,CMa,73.3676,K1III
31793,,6.663255,12.982768,5.99,Gem,78.8644,A2V
31814,,6.667474,-80.813593,5.61,Men,126.9036,A5III
31857,,6.674679,77.995782,5.75,Cam,214.1328,K5III
31863,,6.675624,71.748786,5.88,Cam,237.5297,K0III
31895,,6.682961,9.895754,4.66,Mon,281.6901,O7
31909,,6.684845,0.495323,5.79,Mon,384.6154,B8III
31979,,6.698996,-9.167537,5.21,Mon,105.5966,M0III
32019,,6.706757,17.645303,5.2,Gem,43.63,A2V
32088,,6.718051,44.52445,5.04,Aur,99.2063,K5III
32141,,6.727402,3.932528,5.88,Mon,877.193,B0III
32161,Mebsuta,6.732202,25.131124,3.06,Gem,259.0674,A3mA6-A9
32164,,6.733137,13.228017,4.49,Gem,88.574,K1III
32207,,6.741241,-31.070523,5.23,CMa,100000.0,B2V
32226,,6.745961,28.970932,5.42,Gem,145.9854,K4III
32263,Sirius,6.752481,-16.716116,-1.44,CMa,2.6371,A0m...
32276,Alzirr,6.754824,12.895591,3.35,Gem,17.9986,F5IV
32280,,6.756378,-31.793661,5.92,CMa,24.3784,F7V
32299,,6.758664,-30.94898,5.62,CMa,581.3953,B+...
32316,,6.764922,-52.409691,5.81,Car,395.2569,K3III
32325,,6.766499,-14.796127,5.3,CMa,130.039,A1IV/V
32352,,6.770595,59.44167,4.86,Lyn,65.8328,A3V
32353,,6.77067,79.564811,5.44,Cam,17.8731,F8V
32377,,6.775671,8.587153,5.92,Mon,263.1579,B2.5V
32388,,6.777505,-10.10736,5.66,Mon,165.5629,B9.5V
32394,,6.778983,43.577427,5.24,Aur,16.7168,G0V
32403,,6.780417,57.169176,5.34,Lyn,64.6831,K0III
32406,,6.780859,-14.425971,5.28,CMa,243.9024,B8/B9III
32408,,6.7813,-51.265667,5.39,Car,252.5253,K1II/IIIp+G:
32445,,6.78853,-55.539988,5.6,Car,184.5018,K5III
32447,,6.788842,8.037254,4.77,Mon,151.0574,K4III
32451,,6.789278,-37.929698,5.27,Pup,99.4036,B8/B9V
32472,,6.793673,-8.998503,5.08,Mon,432.9004,M1II
32476,,6.794327,48.789476,5.22,Aur,110.4972,K1III
32492,,6.79768,2.412159,4.48,Mon,112.8668,K0III
32521,,6.803194,-61.941391,3.24,Pic,29.6033,A7IV
32523,,6.803407,55.704195,5.54,Lyn,44.2674,F5V:+...
32531,,6.805296,-1.318922,5.75,Mon,39.984,F1V
32591,,6.816038,-15.144726,5.39,CMa,162.0746,B7IV
32612,,6.821225,-2.272038,5.75,Mon,176.0563,B8IIIn
32653,,6.828143,32.606756,5.72,Gem,127.551,K3II
32667,,6.83051,16.202888,5.87,Gem,263.1579,B7III
32672,,6.830683,-32.508478,3.5,CMa,202.0202,B1.5IVne
32675,,6.830921,-53.622449,4.41,Car,166.9449,G6II
32679,,6.831838,-46.61456,5.14,Pup,25.2589,F5III
32682,,6.832266,-50.61456,2.94,Pup,55.8036,K0III...
32723,,6.83938,-17.084555,5.77,CMa,363.6364,K3III
32724,,6.839819,-31.706057,5.74,CMa,199.2032,B3V
32728,,6.840416,13.413177,5.68,Gem,540.5405,K3III
32758,,6.846097,41.78123,4.99,Aur,116.144,K3III
32765,,6.847176,-0.540882,5.78,Mon,29.6824,F2V
32769,,6.847876,-34.367318,4.99,Pup,250.0,K2/K3III
32778,,6.849191,67.571934,5.14,Cam,283.2861,B4IV
32826,,6.857495,-70.963411,5.41,Vol,172.7116,B7IV
32834,,6.859179,21.761148,5.28,Gem,150.6024,A2V
32851,,6.861785,-36.23027,5.94,Pup,55.2181,A3V
32881,,6.866664,23.601718,5.68,Gem,141.844,K5III
32932,,6.879816,33.961254,3.6,Gem,57.971,A3III
32937,,6.880408,8.380373,5.75,Mon,62.3053,F0Vn
32961,,6.884738,59.448543,5.34,Lyn,149.2537,G4III...
32990,,6.88856,-19.032763,5.65,CMa,95.511,A9/F0III
33005,,6.892474,-20.224254,4.82,CMa,373.1343,B1Ib
33017,,6.895068,68.888309,5.11,Cam,300.3003,B7III
33065,,6.902209,-24.184211,3.89,CMa,100000.0,K3Iab
33073,,6.903167,-12.038628,4.08,CMa,79.9361,K4III
33097,,6.906851,-1.126996,5.44,Mon,169.2047,A4IV
33115,,6.910732,13.177827,4.73,Gem,25.6279,F0Vp
33161,,6.917427,-20.404876,5.8,CMa,154.5595,A2V
33190,,6.921853,25.375697,5.74,Gem,17.2414,G0V
33215,,6.927064,-20.136497,4.66,CMa,29.5858,F2IV/V
33229,,6.929702,-22.941439,5.29,CMa,100000.0,B2/B3III
33258,,6.935179,-14.04343,5.0,CMa,381.6794,B9.5V
33260,,6.935618,-17.054242,4.36,CMa,769.2308,B3Ib/II
33270,,6.937775,-48.721144,4.94,Pup,263.8522,M1III
33285,,6.940509,9.956578,5.9,Mon,139.2758,B8Vn
33290,,6.942238,46.273998,5.85,Aur,386.1004,B8III
33297,,6.942911,-79.420193,5.45,Men,107.9914,B9.5V
33328,,6.94891,46.705352,5.88,Aur,107.1811,K0III:
33334,,6.950145,33.681039,5.91,Gem,129.5337,G5III
33362,,6.954612,58.422759,4.35,Lyn,54.6747,G5III-IV
33391,,6.95942,-24.630841,5.45,CMa,37.9363,F3V
33398,,6.960309,45.094094,4.9,Lyn,73.8552,A2Vn
33471,,6.973638,-34.111708,5.07,Pup,180.8318,B4IV/V
33488,,6.976639,-25.414157,5.59,CMa,264.5503,B2V
33492,Adhara,6.977097,-28.972084,1.5,CMa,124.2236,B2II
33516,,6.982507,3.602355,5.96,Mon,257.0694,G8III
33595,,6.997378,-67.916443,5.18,Vol,89.6057,K3III
33607,,7.001081,76.977408,4.55,Cam,56.338,K4III
33628,,7.004396,16.078998,5.73,Gem,100000.0,K3Ib
33642,,7.006599,-8.406821,5.95,Mon,330.033,B9III
33692,,7.014303,-51.402585,5.14,Car,198.0198,M1III
33717,,7.018318,-25.215634,5.64,CMa,312.5,B2/B3III/IV
33740,,7.022612,70.808296,5.69,Cam,156.0062,K4III
33769,Nganurganity,7.028652,-27.93483,3.49,CMa,343.6426,K4III
33790,,7.032329,-5.722065,5.22,Mon,175.1313,M2III
33826,,7.038193,15.336008,5.78,Gem,183.1502,K1III:
33839,,7.040217,24.215446,5.2,Gem,456.621,G5II
33841,,7.040426,17.755521,5.96,Gem,246.9136,M1.5
33849,,7.04258,16.674447,5.86,Gem,769.2308,M2III
33882,,7.048549,-4.239231,4.99,Mon,373.1343,B1V
33888,,7.050409,-23.833291,3.02,CMa,847.4576,B3Ia
33910,,7.054195,-59.178109,5.5,Car,151.2859,B9IV
33913,,7.054977,9.138355,5.96,Mon,101.9368,A3Vs
33928,,7.058457,29.337081,5.93,Gem,19.1314,G4V
33944,,7.060576,10.951817,5.14,Gem,182.1494,K3III
33956,Muliphein,7.062637,-15.633286,4.11,CMa,135.5014,B8II
33971,,7.064896,-49.58392,4.92,Pup,60.5694,A4IV
33977,,7.065928,-43.608039,5.56,Pup,16.5153,G3V...
33993,,7.067444,-42.33728,5.2,Pup,106.8376,Am
33998,,7.068124,-5.323979,5.63,Mon,380.2281,K3III
34000,Mekbuda,7.068481,20.570297,4.01,Gem,421.9409,G3Ibv SB
34017,,7.071757,-56.749724,5.14,Car,92.2509,A0p:
34094,,7.088436,22.637458,6.0,Gem,123.0012,B8Vn
34127,,7.094174,9.1858,5.78,Mon,303.9514,M0III
34177,,7.103222,34.473967,5.55,Gem,92.6784,G8IV
34211,,7.111324,-11.294014,5.41,CMa,934.5794,B0.5IV
34249,,7.118633,-40.893268,5.8,Pup,238.0952,B3V
34259,,7.120359,-51.968283,5.96,Car,166.9449,K0III
34268,,7.122889,34.009288,5.94,Gem,201.2072,K4III
34269,,7.122941,-23.840722,5.75,CMa,100000.0,B2V:nn
34297,,7.130414,7.471214,5.74,CMi,182.4818,K0III:
34350,,7.139455,15.930675,5.47,Gem,98.912,G8III
34354,Wezen,7.139857,-26.3932,1.83,CMa,492.6108,F8Ia
34382,,7.145098,-70.497087,5.68,Vol,49.6524,F2
34389,,7.145788,-70.498932,3.78,Vol,42.8633,G8IIIvar
34404,,7.147519,-39.655657,4.83,Pup,223.2143,B3IV/V
34471,,7.159268,-16.234509,6.0,CMa,684.9315,B1Ib/II
34488,,7.161951,-25.231034,5.69,CMa,564.9718,B2V
34530,,7.170467,-4.237106,4.91,Mon,62.1891,K0III
34532,,7.172034,-27.49152,5.46,CMa,216.4502,G8III
34578,,7.179858,-48.932098,5.12,Pup,96.8992,K2III
34601,,7.185659,30.245163,4.41,Gem,98.4252,K2III
34629,,7.189741,26.856587,5.75,Gem,119.1895,A4IV
34631,,7.189893,-0.301928,5.44,Mon,87.184,F2V
34660,,7.194255,39.320549,4.91,Aur,148.8095,K4II-III
34665,,7.19489,-20.883063,5.84,CMa,143.2665,A0IV/V
34677,,7.197739,-0.492764,4.15,Mon,117.7856,A2V
34705,,7.203393,-25.942588,5.91,CMa,257.0694,B2IV/V
34709,,7.204392,-40.498808,5.3,Pup,126.1034,A3p...
34724,,7.207173,-36.544381,5.94,Pup,278.5515,B4V
34726,,7.207327,24.128594,5.85,Gem,109.7695,F5IV
34741,,7.20935,-46.759305,4.49,Pup,21.427,F0IV
34794,,7.218665,-11.251341,5.77,CMa,202.4291,K0
34805,,7.220377,-45.182739,4.87,Pup,56.5291,Ap
34815,,7.222854,16.158966,5.07,Gem,165.8375,K3V
34818,,7.223166,51.428745,5.46,Lyn,221.7295,M3III
34820,,7.22334,-22.674241,5.99,CMa,245.098,K4III
34828,,7.225637,-44.639739,4.42,Pup,64.0615,M5e
34881,,7.236347,-3.901779,5.8,Mon,396.8254,K5III
34887,,7.237559,-26.352507,4.42,CMa,531.9149,B3III
34888,,7.237644,-9.947533,5.9,Mon,574.7126,K3III
34893,,7.238906,3.111414,5.36,CMi,227.2727,K0III
34911,,7.242395,12.115824,5.71,CMi,90.2527,G6III
34926,,7.243928,-48.271927,4.75,Pup,115.4734,B8/B9V
34931,,7.244993,24.884984,5.84,Gem,92.081,M1IIIvar
34935,,7.246117,-46.849672,5.72,Pup,142.4501,A0p
34943,,7.246849,-26.772667,4.01,CMa,279.3296,B2IV/Ve
34950,,7.247546,-27.037996,5.58,CMa,83.3333,K3III
34960,,7.249209,-41.426394,5.95,Pup,167.7852,B4III/IV
34990,,7.255854,-30.686447,5.36,CMa,192.6782,B2V
34991,,7.255901,-52.499226,5.96,Car,128.041,K0V
35027,,7.260953,7.977742,5.78,CMi,166.3894,M4III
35034,,7.262011,-10.583605,5.95,Mon,121.2121,K0
35043,,7.263925,47.239964,5.54,Lyn,16.8919,G0V
35053,,7.265267,59.637467,5.2,Lyn,61.0128,K2III
35060,,7.26588,27.897419,5.75,Gem,235.8491,M1III
35086,,7.27071,-15.585689,5.46,CMa,82.5083,A1V
35087,,7.270965,-46.774533,5.64,Pup,230.4147,K4III
35107,,7.275515,-38.318928,5.81,Pup,187.2659,B4V
35110,,7.276387,-27.881179,4.66,CMa,124.2236,M2III
35115,,7.276898,-23.315594,4.83,CMa,434.7826,K4III
35131,,7.280392,-36.592633,5.03,Pup,230.9469,B3V
35132,,7.280508,-67.957152,3.97,Vol,226.2443,F6II
35169,,7.285711,-37.09747,2.71,Pup,247.5248,K3Ib
35208,,7.2927,52.131071,5.93,Lyn,183.4862,K1III:
35244,,7.300616,40.883392,5.87,Aur,85.2515,A5Vn
35250,,7.301181,-43.986786,5.86,Pup,181.4882,B8II/III
35253,,7.30155,16.540383,3.58,Gem,30.931,A3V...
35266,,7.30511,-36.733962,4.65,Pup,246.3054,B2V+...
35287,,7.308883,49.464756,5.0,Lyn,106.9519,A4IIIn
35295,,7.309309,-39.210285,5.24,Pup,141.844,A0V
35309,,7.310607,-36.742735,5.11,Pup,232.0186,A0V
35315,,7.311216,-24.558701,4.88,CMa,584.7953,O7f
35317,,7.311802,-24.954375,4.37,CMa,917.4312,O9Ib
35330,,7.314243,-26.585854,5.29,CMa,384.6154,G2II
35379,,7.322881,2.740694,5.9,CMi,195.3125,G9III
35390,,7.324494,-16.395244,5.7,CMa,42.7716,F2III/IV
35412,,7.329901,7.142947,5.91,CMi,53.3049,F8V
35453,Wasat,7.335383,21.98232,3.5,Gem,18.5391,F0IV...
35467,,7.339288,-52.311524,5.5,Car,31.7158,F2
35490,,7.344114,-52.085924,5.38,Car,147.2754,B9V
35513,,7.348588,-26.963838,6.0,CMa,763.3588,B3V
35517,,7.349524,-14.360489,5.59,CMa,184.8429,G8/K0III
35528,,7.351204,-25.891643,5.87,CMa,196.0784,M3III
35545,,7.354864,45.2282,5.74,Lyn,35.4862,A7s
35601,,7.365795,20.443658,5.09,Gem,135.8696,M0III
35611,,7.367397,36.760584,5.12,Aur,72.3589,K0III
35614,,7.367633,0.177121,5.99,CMi,500.0,B8III
35628,,7.370425,-19.0166,4.94,CMa,147.4926,B5II/III
35651,,7.373719,-5.982829,5.83,Mon,229.3578,F3IV
35686,,7.381127,55.281392,5.8,Lyn,100000.0,B8V
35697,,7.383527,-31.923781,5.4,CMa,406.5041,B3V
35749,,7.391254,25.050531,5.04,Gem,48.7329,G8III
35750,,7.391386,-27.834294,5.37,CMa,189.0359,K4III
35757,,7.392193,-32.202067,5.41,CMa,340.1361,B2/B3II/III
35806,Aludra,7.401584,-29.303104,2.45,CMa,609.7561,B5Ia
35809,,7.402352,40.672389,5.23,Aur,370.3704,K0III
35843,,7.409292,27.637857,5.77,Gem,57.4053,F0:III:
35853,,7.411163,-16.201473,5.18,CMa,287.3563,B2Vne
35859,,7.412182,-31.808905,5.35,CMa,202.4291,K1III
35884,,7.415857,51.887258,5.8,Lyn,317.4603,K5III
35888,,7.416161,11.669524,5.37,CMi,96.9932,A5IV
35899,,7.418977,-13.751978,5.79,CMa,35.6379,F3V
35924,,7.423686,-25.217767,5.79,CMa,432.9004,B5III
35939,,7.42727,-79.094188,5.54,Men,143.0615,K2/K3III
35941,,7.427471,9.276097,4.99,CMi,319.4888,G8III
35946,,7.428779,27.79808,3.78,Gem,36.9004,G9III+...
35955,,7.430889,-5.774961,5.98,Mon,371.7472,CIb...
36013,,7.439403,-51.018481,5.09,Car,185.5288,K0III
36042,,7.44513,-34.140692,5.9,Pup,316.4557,B4V
36044,,7.445237,49.211527,4.61,Lyn,83.8926,A1V
36055,,7.448981,20.257557,5.94,Gem,136.9863,F2Vn
36067,,7.449856,-23.086023,5.65,CMa,383.1418,B1II
36085,,7.452219,-17.864861,5.6,CMa,92.3361,F2V
36087,Gomeisa,7.452512,8.289315,2.89,CMi,49.5786,B8Vvar
36134,,7.461927,-22.859199,5.98,Pup,295.858,B5III
36136,,7.462324,21.445247,5.2,Gem,32.0205,F5IV-V...
36149,,7.46435,-11.556867,5.79,CMa,485.4369,B8Vv comp VB
36156,,7.466434,-29.155896,5.55,Pup,282.4859,B9Vsp...
36163,,7.467243,6.941968,5.22,CMi,97.561,F0III
36182,,7.469387,8.92553,4.33,CMi,97.561,K3III SB
36243,,7.480876,-31.848401,5.95,Pup,228.3105,B3V+...
36247,,7.480968,48.18393,5.7,Lyn,153.1394,B9MNp...
36259,,7.484699,-31.456216,5.78,Pup,327.8689,B2IV
36260,,7.484916,-38.812065,5.41,Pup,165.0165,B3V
36263,,7.485195,31.78455,4.16,Gem,18.0473,F0V...
36274,,7.487179,-43.301432,3.25,Pup,59.3824,K5III SB
36285,,7.488519,-1.905329,5.6,Mon,684.9315,K5III
36290,,7.489012,28.118275,5.07,Gem,54.0249,A4V
36293,,7.489474,-10.326664,5.75,Mon,396.8254,K5III
36296,,7.490455,-7.551168,5.86,Mon,27.2405,F8V
36322,,7.496606,12.006564,4.55,CMi,175.4386,K2III
36326,,7.49688,27.916146,5.01,Gem,148.368,K2III
36328,,7.497615,-23.024287,4.85,Pup,952.381,A6Ib/II
36336,,7.498867,49.672463,5.35,Lyn,20.2388,F6V
36341,,7.499925,-52.651157,5.87,Car,110.3753,K0III
36393,,7.508587,-54.399365,5.95,Car,145.5604,M1III
36412,,7.511834,-30.962281,4.65,Pup,460.8295,G2Ib...
36425,,7.514638,68.465621,5.63,Cam,137.5516,K2III
36444,,7.517911,82.411466,4.92,Cam,153.1394,M4IIIa
36512,,7.53011,17.086046,5.45,Gem,96.8992,K2III
36536,,7.534934,-8.881326,5.9,Mon,27.9174,F5V
36537,,7.534986,1.914481,5.24,CMi,233.1002,F0III
36615,,7.552716,-24.710731,5.84,Pup,84.5309,A3III
36617,,7.553241,3.290379,5.59,CMi,41.7537,F2V
36626,,7.555434,-19.412525,5.64,Pup,83.612,K0III
36654,,7.560134,15.826662,5.27,Gem,129.8701,A1Vn
36667,,7.563323,-14.523892,4.82,Pup,471.6981,A4Ia
36672,,7.564179,-36.338392,5.42,Pup,363.6364,B2Vne
36689,,7.567551,-22.296067,4.44,Pup,25.2972,F6V
36706,,7.571081,3.371725,5.83,CMi,176.3668,A0Vnn
36711,,7.571839,-23.473661,5.06,Pup,31.6857,F6V
36742,,7.576333,-27.012275,5.78,Pup,99.2063,K1III
36744,Castor,7.576634,31.888276,1.58,Gem,15.5958,A2Vm
36790,,7.585778,30.960924,5.34,Gem,114.1553,K0III
36811,,7.589694,-28.369323,4.65,Pup,67.9348,B8V
36836,,7.594365,-52.533836,4.93,Car,120.3369,K3III
36856,,7.598708,26.895741,4.06,Gem,83.0565,K5III
36875,,7.601082,-14.492771,5.66,Pup,389.1051,B2/3V(n)
36916,,7.608789,46.180288,5.66,Lyn,168.6341,M0III
36925,,7.609641,5.862171,5.89,CMi,39.3082,G0V
36930,,7.611398,-19.702338,5.69,Pup,518.1347,B2II
36937,,7.6122,-48.830167,5.69,Pup,142.0455,B9V
36940,,7.613067,55.75506,5.93,Lyn,81.6993,K2III
36982,,7.621303,-4.110979,5.14,Mon,67.5219,F6III
36990,,7.622809,-34.96853,4.53,Pup,110.4972,B8IV/V
37034,,7.631628,48.773842,5.93,Lyn,77.8816,A5m
37067,,7.638346,-25.364804,4.69,Pup,189.7533,B8IV
37068,,7.638391,-48.601436,5.68,Pup,961.5385,F4Iab
37098,,7.64246,35.04855,5.58,Gem,114.0251,K0III
37117,,7.645528,-36.49683,5.78,Pup,305.8104,B3III
37124,,7.647186,-26.803836,3.8,Pup,106.2699,B5IV
37159,Jishui,7.65276,34.584346,4.89,Gem,50.9944,F3III
37173,Procyon,7.655033,5.224993,0.4,CMi,3.5142,F5IV-V
37191,,7.657595,-38.308021,4.84,Pup,170.3578,B3V
37194,,7.657942,17.674519,5.04,Gem,161.0306,M0III
37216,,7.662171,-38.139287,5.73,Pup,175.4386,B5V
37223,,7.663299,-38.260652,5.76,Pup,352.1127,B3III
37239,,7.666109,-37.579422,5.99,Pup,429.1845,B4III
37258,,7.670425,-19.660861,5.92,Pup,190.8397,K0III
37263,,7.67075,38.344539,5.77,Lyn,359.7122,M0III
37273,,7.673114,-15.26392,4.98,Pup,213.2196,K3III
37285,,7.675295,87.020091,5.05,Cep,139.6648,M2III
37321,,7.682922,23.018527,5.93,Gem,467.2897,K5
37334,,7.686782,48.131533,5.58,Lyn,96.3391,K0III
37340,,7.687454,-9.551131,3.94,Mon,45.3104,K0III
37343,,7.687727,-38.533532,5.41,Pup,181.8182,B3V
37371,,7.693099,3.624779,5.95,CMi,139.47,A0V
37397,,7.697004,-72.606098,3.93,Vol,43.2339,K0III
37401,,7.697735,13.480453,5.79,Gem,238.6635,M2III
37414,,7.700894,14.208503,5.55,Gem,396.8254,M3Sv
37483,,7.713376,-26.351326,5.64,Pup,96.8054,K1III
37498,,7.715865,-45.173118,5.04,Pup,24.6731,G5IV
37502,,7.716788,58.71036,4.93,Lyn,81.8331,A3IVn
37516,,7.719996,-36.050089,5.6,Pup,191.9386,B5V
37522,,7.721867,28.88351,4.23,Gem,38.3436,K1III SB
37541,,7.725663,-28.410885,4.63,Pup,236.9668,K5III
37557,,7.728307,-40.933746,5.12,Pup,66.5336,K1III
37570,,7.73013,-28.954826,3.94,Pup,100000.0,A2Iab
37594,,7.734495,50.433794,5.31,Lyn,226.7574,A0IIIn
37597,,7.735254,25.784159,5.3,Gem,194.5525,K5III
37603,,7.736027,-36.062505,5.8,Pup,42.9553,F0IV
37633,,7.740793,24.397993,3.57,Gem,43.3463,G8III
37644,,7.742825,-24.674079,5.62,Pup,793.6508,B2II
37645,,7.74283,-37.942917,5.89,Pup,206.1856,B8V
37711,,7.754249,-37.968584,3.62,Pup,347.2222,K4III
37718,Pollux,7.755277,28.026199,1.16,Gem,10.3584,K0IIIvar
37745,,7.759736,-34.172363,5.36,Pup,15.2091,G0V
37783,,7.765797,-14.563805,5.03,Pup,72.0981,F2V
37793,,7.767275,-6.772511,5.49,Mon,82.1018,K5III
37800,,7.768736,18.510043,4.89,Gem,104.0583,K5III
37807,,7.769596,-37.93367,5.87,Pup,181.1594,B5V
37813,,7.771167,10.768252,5.25,CMi,92.4214,A1Vnn
37838,,7.777577,37.517394,5.15,Lyn,132.8021,M3III
37841,,7.777793,65.455676,5.93,Cam,100.7049,K2III:
37887,,7.786821,-22.51951,5.9,Pup,502.5126,B1/B2V
37902,,7.790276,-38.511145,5.07,Pup,323.6246,B2IV/V
37908,,7.791757,33.415697,5.14,Gem,202.8398,M0III
37912,,7.792085,-46.60849,5.22,Pup,480.7692,B1V
37941,,7.799089,-12.192705,5.48,Pup,28.5959,F5+...
37962,,7.801436,-25.937169,4.4,Pup,434.7826,B1IV:nne
37981,,7.805608,-47.077722,4.69,Pup,71.2251,K0III
38038,,7.817132,-24.912208,5.32,Pup,86.2813,G2
38044,,7.818533,-56.41036,5.57,Car,334.4482,G5II
38051,,7.82024,-46.857717,5.82,Pup,591.716,B1.5IV
38052,,7.820257,-60.283688,5.78,Car,34.5901,F1V
38057,,7.820638,-46.373205,4.1,Pup,505.0505,B0III
38059,,7.820736,-35.243286,5.94,Pup,158.2278,B9V
38062,Azmidi,7.821571,-24.859786,3.34,Pup,367.6471,G6Ia
38092,,7.826502,-33.28895,5.61,Pup,232.5581,M0III
38102,,7.828054,-66.195974,5.78,Vol,150.8296,B9V
38103,,7.828111,-17.228408,5.17,Pup,78.064,K3III
38145,,7.836271,-9.183441,5.6,Mon,367.6471,K3III
38158,,7.839957,-50.509468,5.89,Pup,75.4717,K2III
38264,,7.861663,1.766868,5.12,CMi,191.2046,B8II
38266,,7.861952,-21.173662,5.62,Pup,93.7207,K0III
38273,,7.862862,-13.898029,5.16,Pup,16.5044,G2V
38304,,7.870288,-40.575786,3.71,Pup,108.1081,G5III...
38313,,7.871024,-34.705442,5.01,Pup,17.9437,F3/F5V
38317,,7.871911,-14.846175,5.69,Pup,334.4482,F2IV/V
38328,,7.874929,-54.367165,5.7,Car,409.8361,B1.5IV
38343,,7.877402,-38.862812,4.49,Pup,198.8072,B2V
38362,,7.879961,-5.428257,5.76,Mon,39.7141,F5IVs
38386,,7.884308,-36.363769,5.44,Pup,227.7904,K1IIICN...
38388,,7.884344,-49.613044,4.63,Pup,232.5581,B1.5Vp
38406,,7.888378,-48.102934,4.22,Pup,507.6142,B0.5Ib
38426,,7.891616,26.765783,4.97,Gem,68.2128,A3V
38480,,7.903058,-35.877287,5.48,Pup,207.9002,B2V
38526,,7.911864,47.564596,5.47,Lyn,257.732,K4III
38542,,7.91482,-57.302806,5.62,Car,103.4126,K3/K4III
38599,,7.925398,8.86284,5.86,CMi,39.0168,F2IV
38609,,7.927749,19.88397,5.38,Gem,114.8106,A0Vs
38670,,7.938514,-60.526436,5.74,Car,401.6064,K4II
38713,,7.946313,-52.98236,3.46,Car,139.47,B3IVp
38721,,7.94765,-22.880119,4.2,Pup,160.0,F7/F8II
38731,,7.94939,-43.500411,5.36,Pup,480.7692,B2.5V
38734,,7.949848,15.790281,5.8,Cnc,142.8571,K3III
38758,,7.955118,-44.109859,5.08,Pup,335.5705,B2.5IV
38788,,7.961141,-30.33457,4.76,Pup,371.7472,A7III
38795,,7.962946,-60.303072,5.59,Car,16.2048,G2V...
38807,,7.964368,-45.577669,5.14,Pup,89.2061,K2III
38847,,7.970678,-49.244912,4.47,Pup,294.1176,B1Vp + B2
38852,,7.972404,2.224767,5.3,CMi,74.0741,K0III
38884,,7.98071,-60.824462,5.77,Car,322.5806,B2IVnpe
38904,,7.983835,-45.215844,5.98,Pup,301.2048,B4V
38913,,7.984921,-23.310396,5.09,Pup,263.8522,G8II
38951,,7.991217,-39.296944,5.22,Pup,55.5556,F3V
38960,,7.993762,-60.587061,5.19,Car,301.2048,M0II
38969,,7.995598,-3.679583,4.93,Mon,84.246,K2III
38985,,7.997792,-18.399228,4.61,Pup,73.9645,A1V
39007,,8.003264,73.917919,5.37,Cam,269.5418,K3III
39028,,8.005547,-63.567456,4.81,Car,153.1394,B3V
39066,,8.013141,17.308703,5.6,Cnc,243.309,K3III
39073,,8.013875,-54.151275,5.87,Car,235.2941,B5Vn
39080,,8.01552,25.392836,5.87,Cnc,203.252,G8III:
39100,,8.020371,-1.392608,4.69,Mon,137.931,K4III
39102,,8.020525,4.879824,5.65,CMi,94.4287,A1V
39110,,8.022434,59.047398,5.78,Lyn,46.1255,F2:V:
39124,,8.02508,16.455309,5.99,Cnc,165.5629,B9.5Vn
39140,,8.027091,-37.28372,5.9,Pup,175.7469,A3IV
39200,,8.03776,2.334571,4.39,CMi,77.8816,K2III
39249,,8.045774,-41.309828,5.52,Pup,147.0588,Ap Si
39269,,8.051156,-32.463548,5.83,Pup,144.7178,K2/K3III
39313,,8.058634,27.794332,4.94,Gem,78.5546,K2III
39318,Naos,8.059737,-40.003148,2.21,Pup,332.2259,O5IAf
39376,,8.071164,-32.674829,5.25,Pup,641.0256,M2II
39416,,8.078445,-50.590396,5.96,Vel,363.6364,G5II
39427,,8.079768,79.479612,5.39,Cam,99.0099,A0p...
39455,,8.084363,-53.107921,5.52,Car,117.6471,K3/K4III
39456,,8.08458,13.118215,5.14,Cnc,65.7895,A1V
39547,,8.10511,22.63549,5.96,Cnc,228.3105,M3III
39578,,8.111206,-45.266015,5.04,Vel,427.3504,K3III
39622,,8.121678,-20.554342,5.33,Pup,473.9336,A3Ib/II
39644,Tureis,8.125737,-24.304324,2.83,Pup,19.4818,F2mF5IIp
39667,,8.129404,21.581816,5.3,Cnc,23.2883,G2IV
39681,,8.132173,-68.617062,4.35,Vol,172.4138,B6IV
39734,,8.140963,51.50667,4.78,Lyn,76.6871,A2V
39750,,8.143236,-2.983786,4.36,Mon,324.6753,G2Ib
39790,,8.150213,-61.302429,4.74,Car,19.98,F5V
39793,,8.150455,-19.245014,4.4,Pup,142.6534,B5V
39806,,8.152641,-48.684413,5.66,Vel,280.8989,B8Ib/II
39829,,8.157926,-16.248922,5.66,Pup,518.1347,B4V
39840,,8.158876,-47.336588,1.75,Vel,342.4658,WC8 + O9I
39844,,8.159342,-56.085384,5.66,Car,120.7729,A3m...
39848,,8.159977,-44.122773,5.2,Vel,383.1418,B2IV-V
39857,,8.161988,-47.937193,5.23,Vel,338.9831,B1IVe
39882,,8.167719,58.248242,5.91,Lyn,263.1579,K4III:
39910,,8.174218,25.507334,5.73,Cnc,41.3565,G8IV
39922,,8.177731,-13.799207,5.53,Pup,22.3814,F7V
39964,,8.186332,-48.461994,5.83,Vel,258.3979,B3V
39971,,8.187863,-12.926999,4.72,Pup,54.1712,K0III
39978,,8.189304,-39.618545,4.44,Pup,520.8333,K4III
39983,,8.190526,-42.987278,4.73,Pup,100000.0,A7Ib
39994,,8.192501,-7.772539,5.36,Hya,89.1266,G8III
40042,,8.199991,-46.644351,5.77,Vel,751.8797,F7p
40054,Tegmine,8.203535,17.647771,4.67,Cnc,25.0815,G0V
40070,,8.208554,-46.264285,6.0,Vel,320.5128,B5V
40101,,8.213552,68.474072,5.34,UMa,230.4147,G8II
40126,,8.21913,29.656536,5.62,Cnc,209.6436,B9p SiCr
40145,,8.222213,-15.788221,4.99,Pup,266.6667,G5Ib/II
40159,,8.224866,-35.899518,4.78,Pup,284.9003,B2ne
40167,,8.226178,-50.196072,5.52,Vel,221.2389,M1III
40170,,8.22671,-46.991628,5.14,Vel,416.6667,B2.5IV
40190,,8.230607,56.452246,5.88,Lyn,176.0563,G9III
40206,,8.232865,-36.322281,5.09,Pup,311.5265,B2V:
40211,,8.234143,-40.34789,4.42,Pup,91.4913,K1II/III
40229,,8.237017,-35.490019,5.77,Pup,68.8705,K1III
40242,,8.239965,-45.834522,5.86,Vel,362.3188,B2IV-V
40314,,8.254427,-62.915643,5.16,Car,77.5194,A+...
40411,Tarf,8.275256,9.185545,3.53,Cnc,93.0233,K4III
40531,,8.297338,59.571133,5.63,Lyn,91.8274,A7IV
40563,,8.304832,-35.451703,5.59,Pup,126.2626,K2III
40565,,8.305219,-65.613192,5.06,Vol,91.0747,K1III
40578,,8.306651,-12.632173,5.95,Pup,12.4938,K0V
40587,,8.308703,-76.919722,4.05,Cha,19.5618,F5III
40591,,8.309258,-36.659288,4.44,Pup,28.6287,A4m...
40657,,8.321437,62.507159,5.73,UMa,141.6431,G8III
40679,,8.32562,75.756907,5.55,Cam,85.9845,G8III
40701,,8.330274,-71.514906,5.33,Vol,133.3333,B9III/IV
40718,,8.333486,-71.505377,5.63,Vol,128.3697,A0p
40728,,8.334406,27.217707,5.13,Cnc,18.2715,F6V
40751,,8.339158,20.747721,5.8,Cnc,172.7116,K1III
40760,,8.340564,57.743278,5.89,Lyn,32.352,F4V
40766,Piautos,8.34226,24.022314,5.92,Cnc,140.2525,B9.5V
40773,,8.344115,-77.484477,4.34,Cha,47.619,K0III-IV
40774,,8.344533,72.407232,6.0,UMa,248.7562,M0III
40817,,8.353361,-57.97322,5.96,Car,543.4783,B1.5III
40828,,8.355846,-36.484177,5.18,Pup,456.621,B2IV-V+...
40829,,8.355895,-20.079058,5.58,Pup,173.913,A3V
40830,,8.356397,-33.054366,4.83,Pup,308.642,K2/K3III
40875,,8.365169,-17.586334,5.71,Pup,95.2381,K0III
40888,,8.367918,-73.399985,5.28,Vol,116.8224,A0/A1IV/V
40921,Avior,8.375236,-59.509483,1.86,Car,185.5288,K3III+B2V
40922,,8.375471,-48.490381,4.79,Vel,526.3158,B1V
40958,,8.380538,-26.34822,5.88,Pup,100000.0,F2Iab
40959,Alsciaukat,8.380588,43.188131,4.25,Lyn,117.2333,K5III
40964,,8.381693,-7.54312,5.92,Hya,395.2569,M1III
40965,,8.381991,-52.12373,5.89,Vel,70.028,A0V
41000,,8.3894,18.3322,5.94,Cnc,117.7856,A9V
41035,,8.396809,53.219712,5.52,Lyn,50.4286,A3V
41074,,8.405637,-80.914202,5.67,Cha,75.8725,G8III
41094,,8.409726,-3.75124,5.61,Hya,26.617,F3V
41125,,8.415328,-23.153745,5.67,Pup,173.0104,A1III/IV
41133,,8.415891,-42.769834,5.97,Pup,549.4505,B3V
41143,,8.417706,-24.046212,5.32,Pup,143.472,K4/K5III
41179,,8.42537,-51.727415,5.18,Vel,213.2196,B2V
41182,,8.426538,2.102209,5.74,Hya,273.9726,K5III
41190,,8.427676,-3.906424,3.91,Hya,37.5094,A0V
41195,,8.428951,-66.13689,3.77,Vol,32.9707,K2IIIvar
41205,,8.431002,-64.600618,5.95,Vol,112.3596,G8/K0III
41207,,8.431087,-42.153072,5.45,Pup,220.2643,B3V
41209,,8.43188,7.564506,5.13,Cnc,121.0654,G8II
41212,,8.432108,-14.929661,5.96,Pup,110.9878,A3m...
41259,,8.440891,-3.987479,5.6,Hya,50.025,A5III-IV
41261,,8.44103,27.893583,5.58,Cnc,114.4165,K5III
41279,,8.444987,-12.534602,5.52,Pup,84.317,K1/K2III
41283,,8.445539,12.654612,5.56,Cnc,276.2431,M3III
41333,,8.45466,-70.093482,5.51,Vol,85.6898,A0V
41365,,8.46017,-53.08848,5.08,Vel,61.0501,A9/F0III/IV
41397,,8.466506,-35.113761,5.75,Pyx,284.9003,B2V
41460,,8.477039,14.210822,5.94,Cnc,105.2632,A5V
41498,,8.484654,-47.928923,5.33,Vel,653.5948,B2IV
41503,,8.485436,-44.160413,5.82,Vel,438.5965,B2V
41521,,8.490968,-44.724812,5.03,Vel,800.0,B+...
41556,,8.496011,-46.331693,5.98,Vel,176.6784,B7IV
41558,,8.496182,67.297441,5.89,UMa,98.0392,G8III
41586,Muscida,8.504431,60.718169,3.35,UMa,54.9149,G4II-III
41605,,8.507948,-32.159285,5.61,Pyx,323.6246,K3III
41697,,8.525145,24.081105,5.71,Cnc,76.6284,F0IIIn
41699,,8.525257,-19.577462,5.42,Pyx,105.8201,B9.5IV/V
41704,,8.526592,18.09442,5.33,Cnc,127.2265,K5III
41743,,8.534712,-53.21192,5.68,Vel,229.8851,G8III+...
41790,,8.545139,20.441162,5.33,Cnc,91.4913,K3III
41816,,8.54861,38.016368,5.88,Lyn,74.7943,K2III
41882,,8.560676,-38.848815,5.92,Vel,255.7545,B5III
41889,,8.562077,4.757,5.89,Hya,505.0505,G5III
41909,,8.567116,-2.151555,5.8,Hya,90.3342,A1V
41961,,8.576711,65.14517,5.47,UMa,46.7508,A2m
41969,,8.578778,-49.944203,5.01,Vel,260.4167,K1/K2II
41970,,8.578858,36.419619,5.76,Lyn,108.8139,A2Vnn
42010,,8.587658,-58.224735,5.27,Car,274.7253,B3V+...
42015,,8.5888,-58.009228,4.84,Car,68.0735,K0III
42027,,8.591166,-7.982292,5.72,Hya,92.8505,A1spe...
42028,,8.591307,-26.843487,5.95,Pyx,179.5332,A1V+...
42053,,8.597493,6.62022,5.91,Cnc,25.1256,F8V
42058,,8.597787,-50.969651,5.79,Vel,136.7989,B8 Si
42146,,8.61827,9.65558,5.92,Cnc,149.7006,A3V
42168,,8.6219,-62.853465,5.45,Car,103.6269,K0III
42193,,8.627399,-42.989081,4.11,Vel,558.6592,A6II
42195,,8.627602,5.703782,4.14,Hya,49.1642,A1Vnn
42215,,8.631154,-26.255,5.24,Pyx,71.0732,A0V
42246,,8.638607,32.802021,5.96,Cnc,124.6883,K2III:
42253,,8.639504,53.401539,5.66,UMa,81.6993,G8IV
42283,Minchir,8.645955,3.341435,4.45,Hya,114.2857,K2III
42306,,8.651428,-70.386745,5.19,Vol,73.6377,A0V
42311,,8.652198,-22.661875,5.05,Pyx,19.3986,G3/G5V
42319,,8.653257,65.020907,5.63,UMa,14.3554,G1.5Vb
42333,,8.654898,52.711623,5.91,UMa,160.0,K1III:
42341,,8.656626,-53.439767,5.45,Vel,136.4256,B5V
42364,,8.661799,-29.561084,4.86,Pyx,74.9064,G5III
42385,,8.666002,-53.054729,5.18,Vel,135.6852,B4IV
42390,,8.667076,-12.475372,4.98,Hya,119.0476,K3III
42396,,8.668373,-35.308352,3.97,Pyx,127.551,G5II/III
42408,,8.67024,64.327936,4.59,UMa,78.4929,K2III
42415,,8.671521,-53.015398,5.56,Vel,147.2754,B7Vn
42416,,8.671554,-52.921887,3.6,Vel,151.2859,B3IV
42421,,8.671996,-40.263875,5.2,Vel,85.6164,Ap (SiCr)
42445,,8.676461,-45.191103,5.67,Vel,295.858,M0III
42449,,8.676953,-59.761003,4.31,Car,442.4779,B1.5III
42452,,8.677103,-46.648744,3.77,Vel,100000.0,F3Ia
42485,,8.683629,45.83401,5.35,Lyn,55.2792,G0IV
42495,,8.684812,-48.92268,5.9,Vel,606.0606,B1.5V
42505,,8.686982,-47.317125,4.74,Vel,781.25,A5II
42518,,8.688773,-78.963359,5.46,Cha,94.9668,B9IV
42543,,8.695371,-15.943384,4.87,Hya,64.9351,K0IIICN...
42560,,8.699142,-45.410714,5.2,Vel,100000.0,B5Iab
42593,,8.704498,-48.09909,5.48,Vel,100000.0,B1.5Vn
42596,,8.705278,-53.100056,5.49,Vel,153.1394,B8...
42607,,8.707054,-53.113984,4.83,Vel,148.5884,B3IV
42676,,8.720091,12.680876,5.62,Cnc,284.0909,A3V+...
42680,,8.72041,3.398662,4.3,Hya,179.8561,B3V...
42687,Asellus Borealis,8.721431,21.468501,4.66,Cnc,55.5556,A1IV
42709,,8.726539,-33.186385,3.68,Pyx,269.5418,B1.5III
42715,,8.727854,-49.822802,5.15,Vel,568.1818,B0IIIn
42716,,8.727882,-7.23373,4.63,Hya,235.8491,G2Ib
42765,,8.739987,-42.649276,4.05,Vel,70.1754,G5III
42792,Asellus Australis,8.74475,18.154309,3.94,Cnc,40.032,K0III
42794,Alsephina,8.745059,-54.708821,1.93,Vel,24.6975,A1V
42798,,8.745844,10.08167,5.63,Cnc,129.7017,A1p...
42804,,8.747758,-37.147249,5.74,Pyx,485.4369,B2III
42893,,8.765339,-79.504373,5.79,Cha,152.9052,K5III
42904,,8.767124,-46.041527,3.87,Vel,568.1818,A1III
42907,,8.767354,-2.048655,5.7,Hya,92.5926,K0III:
42948,,8.772927,-13.54772,4.32,Hya,75.1315,G8III
42963,,8.775152,-45.912504,5.43,Vel,100000.0,B3Ia
42984,,8.778284,28.759898,4.03,Cnc,101.5228,G8Iab:
42986,,8.778487,-56.769776,4.5,Car,185.5288,B3Vne
42990,Ashlesha,8.779587,6.418809,3.38,Hya,39.6354,G0III-IV
43002,,8.782227,12.109952,5.89,Cnc,53.9665,A1V
43023,,8.787496,-1.897033,5.28,Hya,123.1527,A3V
43029,,8.788568,-46.155415,5.71,Vel,100000.0,F0Ib
43113,,8.807214,5.837812,4.35,Hya,108.5776,A0Vn
43184,,8.822702,-3.443023,5.3,Hya,138.1215,B9MNp...
43204,,8.827545,-40.320158,5.47,Vel,387.5969,A2/A3IV
43224,,8.8299,-45.307875,4.94,Vel,340.1361,A2III
43229,,8.830972,-32.780525,5.19,Pyx,68.6342,G8III
43247,,8.833953,-29.462997,5.86,Pyx,230.4147,G8III
43269,,8.839172,-42.089791,6.0,Vel,769.2308,O9V
43286,,8.842204,-27.709844,4.02,Pyx,63.5728,K3III
43290,,8.842628,-46.529187,5.09,Vel,100000.0,B0III
43291,,8.842982,-66.792981,5.34,Vol,51.9211,F5IV
43373,,8.859559,-7.177226,5.55,Hya,136.7989,A4m
43376,,8.860145,-57.633577,5.59,Car,226.2443,B8III
43408,,8.865787,43.726603,5.15,Lyn,81.2348,K0III
43427,,8.869453,42.002735,5.98,Lyn,161.5509,K0III
43430,,8.869936,45.312819,5.96,Lyn,164.7446,K0III
43461,,8.876284,32.474157,5.67,Cnc,64.4745,A8Vms
43464,Copernicus,8.876625,28.330819,5.96,Cnc,12.3411,G8V
43466,,8.877391,-48.359097,5.92,Vel,318.4713,B3Vn
43480,,8.880005,-38.724086,5.79,Vel,214.1328,K5/M0III
43521,,8.889601,61.962268,5.72,UMa,88.8099,F2III
43546,,8.896851,-60.353909,5.78,Car,440.5286,B5III
43548,,8.897388,-47.520778,5.31,Vel,77.2798,Am
43597,,8.904091,30.579115,5.4,Cnc,141.4427,G7III
43659,,8.917457,-60.644609,3.84,Car,98.0392,B8III
43673,,8.919936,-54.965768,5.7,Vel,24.1546,F6V
43674,,8.920119,-18.241189,5.75,Hya,136.7989,K2/K3III
43689,,8.92323,5.945563,3.11,Hya,51.2558,G8III-IV
43700,,8.925434,-27.681871,4.87,Pyx,75.815,A3IV
43709,,8.927689,27.927481,5.23,Cnc,149.2537,G8II-III
43726,,8.932097,11.626023,5.44,Cnc,213.2196,K5III
43754,,8.938686,-52.723475,4.68,Vel,108.3424,B5V
43769,,8.941814,40.201474,5.9,Lyn,72.2022,F3III
43774,,8.942813,-16.708748,5.95,Hya,221.7295,K3III
43778,,8.943741,64.603831,5.57,UMa,94.0734,G6III
43783,,8.944949,-85.663152,5.43,Oct,49.7512,F0III
43798,,8.947218,45.631646,5.72,Lyn,70.7214,K1IV
43807,,8.949056,32.91043,5.44,Cnc,59.5593,A7IV
43812,,8.949562,-59.229338,4.93,Car,206.6116,B2IV-V
43844,,8.954152,15.322762,5.22,Cnc,45.7247,A5III
43876,,8.959777,15.581281,5.68,Cnc,46.1255,F0IV
43898,,8.965434,-48.57291,5.88,Vel,317.4603,G8/K0II
43939,Acubens,8.974784,11.857701,4.26,Cnc,57.7367,A5m
43948,,8.978869,-16.132727,5.8,Hya,21.0349,F7/F8IV/V
43966,,8.981216,-47.234688,5.17,Vel,68.918,Am
44000,Talitha,8.986828,48.041826,3.12,UMa,14.5096,A7IV
44016,,8.990078,-59.083712,5.17,Car,26.4201,F3V
44027,,8.992405,32.418559,5.23,Cnc,90.6618,G9III
44064,,9.001505,-41.253605,4.45,Vel,64.5161,Fp
44120,,9.010685,41.782911,3.96,Lyn,16.0694,F5V
44128,,9.012707,-60.963828,5.8,Car,401.6064,G8II
44155,,9.019027,-68.683916,5.89,Vol,216.9197,M1III
44171,,9.022462,-41.864254,5.56,Vel,131.5789,B5V
44179,,9.023369,32.252296,5.89,Cnc,143.0615,A2V
44209,,9.029046,-52.188685,5.23,Vel,112.9944,Ap Si
44228,,9.032774,-0.482673,5.64,Hya,150.3759,K0III
44254,,9.040777,-66.396076,4.0,Vol,38.2995,Am
44262,,9.04242,67.629619,4.74,UMa,96.432,M3III
44277,,9.045629,24.452915,5.45,Cnc,120.3369,A0III
44278,,9.045783,7.298267,5.85,Cnc,194.1748,K3III:
44343,Alkaphrah,9.060427,47.156525,3.57,UMa,109.8901,A1Vn
44376,,9.066778,54.283887,5.74,UMa,119.6172,A2V
44383,,9.069248,-47.097737,3.75,Vel,91.8274,K2III
44471,,9.085785,-72.602705,4.47,Car,122.8501,F6II-III
44485,,9.090028,48.530314,5.48,UMa,97.0874,F6II-III
44498,,9.093994,-70.538497,4.66,Car,296.7359,B2IVe
44531,,9.099546,5.092316,4.99,Hya,274.7253,K2II-III
44572,,9.108825,38.452215,4.56,Lyn,250.6266,G8Ib-II
44670,,9.129115,10.668191,5.23,Cnc,162.8664,B8IIIMNp
44689,Suhail,9.133268,-43.432589,2.23,Vel,166.9449,K4Ib-II
44690,,9.133348,29.654235,5.42,Cnc,83.8926,G8III
44696,,9.134133,-25.858536,4.62,Pyx,171.8213,K4/K5III
44728,,9.139867,66.873235,5.15,UMa,159.7444,K5III
44755,,9.14505,-8.589524,5.6,Hya,188.3239,B9.5III
44764,,9.146483,26.629112,5.95,Cnc,31.0078,G5IV
44769,,9.147526,33.882217,5.95,Lyn,19.1902,F9V
44773,,9.147863,51.604648,4.46,UMa,28.8184,Am
44795,,9.15117,-18.328548,5.73,Hya,83.682,A0/A1V
44808,,9.153198,-12.357706,5.76,Hya,138.8889,G6III
44819,Nahn,9.155982,22.045446,5.16,Cnc,114.4165,K0III
44833,,9.15988,-8.787648,5.47,Hya,147.7105,G8II
44872,,9.16567,-30.365401,5.59,Pyx,64.9773,A4IV
44910,,9.173204,67.134018,4.8,UMa,20.3791,F7IV-V
44947,,9.181941,63.513633,4.67,UMa,38.7297,Am
44952,,9.182804,-58.966896,3.43,Car,136.9863,B2IV
44957,,9.184556,-44.867902,4.99,Vel,100000.0,B5Ia
44972,,9.187985,-62.316977,3.96,Car,166.3894,B3IV
44992,,9.192607,-46.583911,5.78,Vel,304.878,B2IV-V
45028,,9.19965,-19.747628,5.72,Hya,93.1966,G8III
45058,,9.20848,-43.613262,5.56,Vel,212.3142,B8V
45087,,9.215452,-59.413928,5.54,Car,145.1379,G6II
45106,Miaplacidus,9.220041,-69.717208,1.67,Car,34.6981,A2IV
45138,,9.226239,-47.338407,5.92,Vel,156.25,B9V
45158,,9.230059,43.217825,5.3,Lyn,178.2531,B8IIIMNp
45182,,9.235615,-44.145822,5.85,Vel,161.2903,B6IV
45196,,9.238335,-55.569629,5.26,Vel,196.0784,G8II/III
45201,,9.239041,61.423318,5.18,UMa,19.5695,F9V
45204,,9.239405,2.31428,3.89,Hya,34.7947,B9.5V
45212,,9.240136,-43.227493,5.24,Vel,187.6173,B4V+...
45255,,9.249213,-37.602396,5.85,Vel,196.8504,K0/K1III+..
45279,,9.253848,14.941507,5.36,Cnc,186.2197,K1III
45281,,9.253963,34.633516,5.98,Lyn,130.039,G6III
45308,,9.2602,-38.569942,4.92,Vel,68.8705,K1III
45317,,9.262522,-37.413144,4.63,Vel,50.4796,F3/F5V
45324,,9.263832,56.741406,5.28,UMa,220.7506,K5III
45330,,9.264639,72.946326,5.93,UMa,88.1057,F0III
45363,,9.269808,54.021857,4.8,UMa,35.8423,A5V
45365,,9.270024,-57.541473,4.34,Car,149.7006,M1III
45374,,9.273066,-44.265735,5.12,Vel,100000.0,K3Ib
45395,,9.278158,-8.744759,5.49,Hya,207.4689,B9III
45396,,9.27826,-6.353144,5.24,Hya,75.2445,K2III
45413,,9.282523,-39.401539,5.31,Vel,105.8201,K2III
45425,Aspidiske,9.284838,-59.275229,2.21,Car,234.7418,A8Ib
45428,,9.285478,-14.574069,5.83,Hya,110.6195,K0III
45440,,9.288149,-68.689642,5.38,Car,32.6371,F4V
45450,,9.290334,-74.894313,5.28,Car,107.5269,A1V
45454,,9.291005,-74.734591,5.86,Car,81.9672,A0V
45460,,9.291993,46.817228,5.96,UMa,130.3781,A1V
45500,,9.301633,-51.050859,5.26,Vel,134.2282,B7/B8III
45529,,9.307199,35.36408,5.94,Lyn,86.9565,A8V
45544,,9.311766,-51.560651,5.83,Vel,100000.0,B7Iab
45557,,9.314069,36.802597,3.82,Lyn,38.2702,A1V
45612,,9.32587,-15.834663,5.79,Hya,138.5042,K1/K2III
45620,,9.329551,-11.974853,4.77,Hya,103.3058,G8III
45679,,9.341394,-9.555695,4.8,Hya,68.2128,F5V+...
45724,,9.349117,-62.404632,4.79,Car,71.6332,G6III
45728,,9.350925,34.392562,3.14,Lyn,62.2665,M0IIIvar
45770,,9.35822,-25.965439,4.71,Pyx,154.0832,M0III
45783,,9.362026,56.699219,5.79,UMa,230.4147,M4IIIa
45788,,9.363909,-55.514686,5.61,Vel,81.1688,A3IVs...
45792,,9.36416,-42.19486,5.56,Vel,176.0563,M3Ib
45809,Markeb,9.368562,-55.010668,2.47,Vel,175.4386,B2IV
45830,,9.373331,-46.047445,5.74,Vel,162.8664,G6/G8III
45894,,9.386739,-28.833873,4.71,Pyx,58.8928,G8III
45969,,9.401526,-61.648902,5.99,Car,110.9878,K0III
45975,,9.40268,-80.786876,5.34,Cha,58.1395,F3/F5IV
46014,,9.410906,26.182324,4.47,Leo,61.7284,K2III
46088,,9.423343,-5.117394,5.6,Hya,275.4821,K5III
46093,,9.424253,-61.950476,5.77,Car,77.3994,A4V+...
46150,,9.438324,-53.378909,5.09,Vel,131.5789,B6V
46226,,9.451788,-71.601895,5.46,Car,61.8812,K2III
46239,,9.45511,-22.343783,4.72,Hya,48.0077,K1III
46259,Alphard,9.45979,-8.658603,1.99,Hya,55.2792,K3III
46272,,9.462995,-6.071187,5.38,Hya,30.4136,G2V
46322,,9.474278,9.056778,5.4,Leo,33.1675,F9V
46325,,9.474771,8.188298,5.72,Leo,124.2236,K0III
46328,,9.47516,-66.701877,5.9,Car,77.6398,A0V
46339,Intercrus,9.477775,45.601483,5.4,UMa,85.8369,K0III-IV
46350,,9.479763,-62.273134,5.91,Car,154.0832,K1III
46376,,9.485805,-2.768964,4.59,Hya,17.334,F6V
46378,,9.486845,-20.749127,5.66,Hya,364.9635,K4/K5III
46382,,9.487423,-35.951335,4.51,Ant,217.8649,K3III
46445,,9.498474,-26.589616,5.49,Ant,242.1308,K2IIICNII
46461,,9.501421,-51.517164,5.45,Vel,132.626,B8V
46485,,9.506246,-15.577352,5.86,Hya,73.0994,K2III
46487,,9.50651,-58.361839,5.88,Car,296.7359,M2III
46518,,9.511674,-40.466769,3.6,Vel,18.8147,F2IV
46519,,9.512006,33.655711,5.87,LMi,153.8462,G8III:
46524,,9.512804,-31.889222,5.75,Ant,124.3781,A0
46568,,9.520371,-57.034377,3.16,Vel,73.2601,K5III
46600,,9.525453,63.061861,3.65,UMa,23.8152,F0IV
46601,,9.525601,-31.871831,5.91,Ant,117.6471,A9IV
46602,,9.525671,35.103273,5.39,LMi,147.0588,M1III
46603,,9.52584,-35.71475,5.86,Ant,85.5432,K3III
46608,,9.526752,-73.080913,5.46,Car,242.1308,K4III
46617,Alterf,9.528675,22.967971,4.32,Leo,100.9082,K5IIIvar
46637,,9.532428,11.299827,4.99,Leo,66.0939,K0IIIvar
46641,,9.53266,9.715767,5.07,Leo,153.1394,K3III
46643,,9.533036,-1.184664,4.54,Hya,158.7302,A3V
46678,,9.538688,-40.649335,5.35,Vel,129.8701,G8III
46680,,9.539003,-19.400303,5.74,Hya,115.6069,A4III
46720,,9.547715,51.6773,3.17,UMa,13.4789,F6IV
46726,,9.548826,-13.516804,5.95,Hya,226.7574,K4III
46747,,9.553461,-21.115722,5.02,Hya,111.1111,K0III
46764,,9.557237,-22.863883,5.92,Hya,80.2568,B9.5V
46780,,9.562374,-49.005072,5.12,Vel,254.4529,B4IV
46795,,9.564857,-80.941258,5.07,Cha,175.4386,B5V
46817,,9.56911,-51.255266,5.01,Vel,277.0083,B1.5IV
46819,,9.570384,36.397558,4.54,LMi,56.7215,G8III
46841,,9.574071,-59.229753,4.08,Car,406.5041,B5II
46844,,9.574703,69.830343,4.54,UMa,31.9285,G4III-IV
46849,,9.575736,-5.914948,5.56,Hya,173.6111,K1III
46873,,9.580405,52.051477,4.47,UMa,80.3859,A2V
46880,,9.581508,72.205679,5.77,UMa,49.0918,F7V
46896,,9.584399,39.621493,4.81,Lyn,66.0502,K0III
46945,,9.594334,35.810133,5.4,LMi,11.3688,G8IV-V
47035,,9.611903,31.161734,5.57,Leo,175.4386,M2III
47042,,9.613772,-49.355026,4.34,Vel,32.3206,A5V
47054,,9.616725,-25.296759,5.68,Ant,95.511,K0III
47056,,9.617384,16.437952,5.73,Leo,355.8719,K1III
47060,,9.618151,81.326382,4.28,Dra,304.878,K3III
47066,,9.619413,-32.178646,5.62,Ant,85.7633,K1III
47071,,9.620184,-53.668508,5.44,Vel,71.5308,A2/A3V
47072,,9.620185,6.835802,5.0,Leo,75.3012,K1IIIvar
47091,,9.624557,-36.095994,5.96,Ant,110.1322,K2III
47134,,9.633736,-43.190944,5.51,Vel,145.5604,G8II
47167,,9.639383,40.239793,5.28,Lyn,37.5799,F0V
47177,,9.640913,4.649293,4.68,Hya,90.5797,K3III
47257,,9.655839,-61.32806,4.51,Car,69.2042,B9V
47267,,9.65775,67.27223,5.96,UMa,154.0832,K5
47297,Ukdah,9.664267,-1.14281,3.9,Hya,80.7103,K3IIIvar
47318,,9.671768,-14.332292,5.07,Hya,133.6898,B4IV/V
47345,,9.678494,-57.983553,5.3,Car,72.5689,A3IV
47363,,9.68393,-57.259542,5.8,Car,112.8668,K0/K1III
47373,Subra,9.685843,9.892308,3.52,Leo,39.9521,A5V+...
47387,,9.688058,-23.591514,4.76,Hya,155.2795,B5V
47409,,9.693087,31.277817,5.9,Leo,236.9668,K6III
47424,,9.696648,-55.213762,5.99,Vel,574.7126,B4V
47435,,9.700098,39.757851,5.61,Lyn,106.4963,G8III
47457,,9.704011,-23.915569,4.93,Hya,15.0128,G0V
47458,,9.704137,69.237537,5.72,UMa,151.2859,G9III:
47519,,9.715895,72.252618,5.15,UMa,146.6276,K0III
47566,,9.725906,29.974473,5.64,Leo,49.0196,A2IV
47582,,9.728406,-53.891282,5.56,Vel,105.1525,A0V
47588,,9.728862,14.021692,5.36,Leo,187.2659,M2III
47623,,9.736694,-27.769471,4.78,Ant,104.0583,A7V+...
47719,,9.754117,-62.507903,3.69,Car,478.4689,G5Iab/Ib
47772,Ras Elased Australis,9.764188,23.774255,2.97,Leo,75.643,G0II
47807,,9.769457,6.708556,5.8,Leo,602.4096,M1III
47820,,9.772352,-76.77612,5.43,Cha,56.5291,G8III
47823,,9.773147,11.810043,5.67,Leo,156.9859,K4III
47824,,9.773225,1.785586,5.65,Sex,80.5802,F4IV
47827,,9.775104,-44.75506,5.58,Vel,305.8104,B2.5IV
47829,,9.775462,57.12807,5.09,UMa,169.4915,M3III
47866,,9.785036,-65.072007,2.92,Car,440.5286,A9
47977,,9.80981,46.021008,5.08,UMa,18.3688,G2V
48055,,9.824471,-37.186765,5.95,Ant,124.0695,K2III
48088,,9.832541,-45.732736,5.09,Vel,258.3979,B7III
48151,,9.844985,-46.933923,5.72,Vel,176.9912,K0IIICN...
48173,,9.848775,-62.745116,5.56,Car,334.4482,K1IIICN...
48182,,9.849867,59.038735,3.78,UMa,35.6379,F0IV
48202,,9.853347,-59.425774,5.79,Car,236.4066,K2IIICNp...
48211,,9.855481,-46.193871,5.62,Vel,99.108,K2III
48219,Zhang,9.85797,-14.846603,4.11,Hya,80.9061,G6/G8III
48237,,9.861298,-46.54762,4.58,Vel,323.6246,G5Ib
48253,,9.864732,24.395369,5.29,Leo,41.4594,A5IV
48265,,9.868433,54.064332,4.55,UMa,156.0062,A3IV
48300,,9.875121,-8.10503,5.07,Sex,85.1064,A2V
48318,Rasalas,9.879398,26.006951,3.88,Leo,38.0518,K0III
48382,,9.895257,5.958573,5.9,Sex,284.9003,M2III
48390,,9.897251,-51.146713,5.95,Vel,704.2254,B2V
48422,,9.903425,-25.932345,4.87,Hya,104.8218,K2III
48427,,9.904905,-45.283516,5.72,Vel,305.8104,B+...
48476,,9.914234,-50.243959,5.71,Vel,92.8505,A0V
48478,Felis,9.914503,-19.00936,4.94,Hya,188.3239,K5III
48543,,9.928612,49.819843,5.27,UMa,63.7755,A3III
48595,,9.940549,8.933157,5.85,Leo,177.6199,K2III:
48609,,9.943192,-33.418496,5.83,Ant,157.4803,K1III
48635,,9.947708,-54.56779,3.52,Vel,487.8049,B5Ib
48663,,9.953776,57.418196,5.97,UMa,145.5604,G8III
48693,,9.96141,41.055633,5.11,LMi,28.1452,F6Vs
48743,,9.970382,12.4448,5.26,Leo,153.1394,B9IV
48753,,9.973019,72.879509,5.86,UMa,110.4972,K3III:
48786,,9.981191,-35.890973,5.23,Ant,33.3111,A8IV
48842,,9.993395,29.645233,5.75,Leo,105.1525,G9III:
48865,,9.997695,56.811807,5.5,UMa,153.3742,K5III
48889,,10.003557,8.044223,4.68,Leo,124.533,M2III
48925,,10.012191,-82.21467,5.53,Cha,115.0748,A0IV
48941,,10.016864,31.923672,5.37,LMi,15.0466,G1V
49024,,10.033361,-60.42089,5.93,Car,100000.0,A9IV
49080,,10.046931,21.949258,5.68,Leo,289.0173,B2.5IV
49199,,10.072486,-24.285534,5.7,Hya,70.1754,F0V
49222,,10.076759,53.891716,5.71,UMa,50.7357,F5V
49261,,10.085408,-13.064626,4.6,Hya,96.1538,B8V
49344,,10.103115,-47.369995,5.06,Vel,73.692,K0IV
49427,,10.119305,-17.141733,5.59,Hya,117.2333,K4III
49441,,10.122209,16.762664,3.48,Leo,389.1051,A0Ib
49451,,10.123821,35.244693,4.49,LMi,28.2406,A7V
49496,,10.131742,9.997508,4.39,Leo,90.5797,K4III
49500,,10.1323,-0.371637,4.48,Sex,86.881,A0III
49528,Regulus,10.139532,11.967207,1.36,Leo,24.3132,B7V
49557,,10.145223,-65.815438,5.26,Car,113.2503,K0III
49571,,10.148957,-51.811261,4.85,Vel,408.1633,B3IV
49622,,10.158386,-68.682779,5.8,Car,209.205,A0IV
49668,,10.168302,-12.815923,5.3,Hya,27.7393,F2/F3IV/V
49671,,10.168761,-8.40817,5.91,Sex,182.8154,A1V
49700,,10.176467,-12.354083,3.61,Hya,34.5066,K0III
49703,,10.177142,-41.715247,5.98,Vel,69.4444,K3III
49723,,10.182184,-8.418462,5.64,Sex,145.1379,K2III
49752,,10.186884,37.4019,5.86,LMi,195.6947,K3III
49794,,10.19624,-58.060544,5.7,Car,390.625,B2IVnpe
49886,,10.213435,4.61468,5.77,Sex,127.551,K0III:
49929,,10.223016,-51.232971,5.27,Vel,51.8941,A7V
49936,,10.224448,-51.755788,5.78,Vel,104.712,A3IV/V
49942,,10.225184,-66.372811,5.15,Car,94.3396,Am
49958,,10.228961,-70.037903,3.29,Car,104.8218,B8III
49962,,10.229427,-40.346056,5.91,Ant,147.2754,K1III
50050,,10.245607,-42.121942,3.85,Vel,31.0752,A2V
50099,,10.258767,-43.112369,5.59,Vel,155.521,K4III
50161,,10.270677,29.310501,5.49,LMi,79.9361,A0Vn
50177,,10.275639,23.503095,5.95,Leo,31.1721,G2IV
50191,,10.277983,13.728334,5.42,Leo,179.5332,M1III
50193,Adhafera,10.278171,23.417311,3.43,Leo,84.0336,F0III
50194,,10.278268,25.370705,5.84,Leo,108.9325,K2III:
50229,,10.28472,-61.332304,3.39,Car,201.6129,K3II
50230,Tania Borealis,10.284952,42.914365,3.45,UMa,42.1585,A2IV
50242,,10.287378,23.10622,5.81,Leo,22.805,F8Vw
50272,,10.293834,-8.068914,5.25,Sex,59.312,F2III
50306,,10.300583,65.108351,5.74,UMa,79.5545,A8III
50314,,10.302109,-28.992,5.52,Ant,813.0081,B9.5Ib/II
50338,,10.307847,-41.66849,5.97,Vel,163.1321,B9V
50351,,10.310561,-56.110393,5.8,Vel,36.062,F6V
50378,,10.318083,-64.676258,5.66,Car,80.3213,A1V
50404,,10.324117,48.396762,6.0,UMa,44.405,K0
50413,,10.326877,-55.029305,4.59,Vel,568.1818,K3II
50422,,10.328938,19.470914,4.78,Leo,21.3675,F6IV
50440,Algieba,10.332873,19.841489,2.01,Leo,39.8883,K0III
50466,,10.337977,-47.69909,5.66,Vel,515.4639,K5/M0III
50532,,10.348557,-56.04322,4.5,Vel,352.1127,B3III
50541,,10.350943,68.747651,5.88,UMa,123.3046,A7Vn
50641,,10.369607,41.22953,5.73,UMa,39.4322,F7V
50653,,10.372108,-41.64996,4.82,Vel,62.5,K1IIIvar
50655,Tania Australis,10.372155,41.499516,3.06,UMa,70.6215,M0III SB
50702,,10.382824,-66.901498,4.97,Car,123.1527,B8V
50715,,10.385091,33.908145,5.89,LMi,74.2942,A6V
50740,,10.390688,-4.074035,5.93,Sex,104.1667,B9p Si(CrSr)
50743,,10.391478,-38.009839,5.34,Ant,41.4594,A8V
50788,,10.402182,65.566423,4.94,UMa,104.0583,A0sp...
50790,,10.40239,33.718531,5.52,LMi,130.039,K1III
50809,,10.406592,-74.031612,3.99,Car,16.2232,F2IV
50847,,10.416516,-58.576303,5.93,Car,95.9693,F2III
50863,,10.420887,8.784845,5.61,Leo,314.4654,M2IIIs
50901,,10.428964,-7.059829,5.6,Sex,121.6545,M0.5III
50911,,10.431895,33.79612,4.72,LMi,71.5308,F0V
50924,,10.434842,-16.83629,3.83,Hya,71.7875,K4III
50995,,10.446924,-54.877302,5.58,Vel,621.118,K3II/III
51027,,10.45253,-31.067779,4.28,Ant,112.2334,K4III
51047,,10.456798,-57.638805,4.65,Car,100000.0,A6Ia
51049,,10.457042,-65.704664,6.0,Car,68.4463,A2V
51055,,10.457792,41.601035,6.0,UMa,66.0939,A2V
51087,,10.464649,-58.739403,3.81,Car,411.5226,F2II
51089,,10.464727,36.707212,4.2,LMi,47.1921,G8III-IV
51168,,10.481274,-64.172278,5.27,Car,813.0081,K3Ib
51217,,10.491306,-2.739078,5.19,Sex,98.7167,B9.5V
51219,,10.491383,-29.663832,5.58,Hya,110.1322,K3III
51231,,10.493161,-30.607065,5.57,Ant,133.1558,B9/B9.5V
51240,,10.495037,84.252009,5.52,Cam,40.6339,F0IV
51275,,10.501792,38.925132,5.79,LMi,231.4815,A4V
51290,,10.504855,-0.637026,5.08,Sex,124.0695,B6V
51291,,10.505581,-71.992793,4.72,Car,79.8722,A2III
51312,,10.510461,55.980536,4.82,UMa,12.7796,F8V
51344,,10.516622,-13.58847,5.59,Hya,160.2564,B8/B9IV/V
51348,,10.517242,-73.22149,4.94,Car,316.4557,K4/K5III
51354,,10.518048,82.558587,5.25,Cam,21.5008,F2V
51375,,10.522775,-53.715484,4.89,Vel,21.8103,F6V
51408,,10.530937,32.379554,5.9,LMi,78.0031,A0IV
51413,,10.532622,-45.06671,5.76,Vel,166.9449,B9
51428,,10.533743,-61.685332,3.3,Car,148.1481,B4Vne
51437,,10.536604,14.13727,5.43,Leo,212.766,M2III
51461,,10.54267,-44.618508,5.91,Vel,121.8027,G6/G8III
51474,,10.546615,-58.666745,5.98,Car,100000.0,A2Iab
51475,,10.546853,9.306586,3.84,Leo,100000.0,B1Ib SB
51486,,10.54913,-47.003353,5.02,Vel,401.6064,K4III
51509,,10.553865,40.42556,4.72,UMa,34.626,A7IV
51536,,10.558587,34.988695,5.57,LMi,209.6436,A2Vn
51569,,10.566912,-23.745165,5.08,Hya,244.4988,K5III
51626,,10.580004,6.953749,5.07,Leo,81.5661,G8II-III
51653,,10.583933,8.650425,5.67,Leo,131.406,A2V
51659,,10.584878,75.712948,4.86,Dra,75.815,K0III
51665,,10.586017,57.082637,5.16,UMa,26.5252,F1V
51672,,10.586905,-39.562589,5.5,Ant,268.0965,C
51690,,10.591166,-78.607786,4.11,Cha,128.041,M0III
51700,,10.59314,-57.557636,4.45,Car,361.0108,K3/K4II
51763,,10.605706,-59.564392,5.08,Car,80.5153,K1III
51784,,10.608994,-12.230121,5.71,Hya,25.0752,F7V
51830,,10.620481,-27.412634,4.87,Hya,149.4768,M1III
51837,,10.621717,-48.22562,3.84,Vel,26.8384,A3m+...
51854,,10.624187,-58.733339,5.47,Car,100000.0,A0Ia
51860,,10.625909,-13.384543,4.89,Hya,208.3333,C
51893,,10.63407,-57.256309,5.89,Car,308.642,B3IV
51934,,10.643043,-16.876572,4.91,Hya,64.5578,G8III
51947,,10.645337,31.976237,4.68,LMi,177.305,G0II
51951,,10.645834,-59.182997,4.69,Car,719.4245,K4/K5III:
51977,,10.649906,-58.816854,5.96,Car,209.205,M1III
51985,,10.651581,53.6683,5.55,UMa,139.0821,K3III
51988,,10.65213,37.91,5.84,LMi,52.3286,F9V
52003,,10.655112,-55.603268,4.29,Vel,257.732,G2II
52070,,10.669848,-65.100209,5.51,Car,160.5136,B9p Si
52187,,10.696747,68.443499,5.74,UMa,157.4803,K3III
52189,,10.697657,-79.783288,5.97,Cha,284.0909,B5IV
52202,,10.69908,65.71628,5.12,UMa,69.541,K2IIIvar
52219,,10.703926,-64.466426,4.76,Car,139.0821,B3V
52254,,10.711269,-59.215759,5.36,Car,100000.0,B2.5Ia
52256,,10.711997,-32.715673,5.63,Ant,187.2659,A0V
52268,,10.715949,-64.39445,2.74,Car,139.6648,B0Vp
52271,,10.717191,26.325577,5.51,LMi,48.3793,A4Vn
52274,,10.717789,69.076214,5.01,UMa,128.041,K3III
52301,,10.722478,4.747669,5.77,Sex,169.4915,K3III+...
52306,,10.7236,23.188404,5.08,LMi,70.2741,A3Vn
52317,,10.725639,-60.566619,4.58,Car,349.6503,K3Ib
52318,,10.725822,46.203877,5.18,UMa,37.092,F5III
52327,,10.728702,57.199203,5.79,UMa,113.3787,A0Vs
52336,,10.73089,-64.249042,5.74,Car,359.7122,B3:V
52351,,10.735258,-63.961072,4.8,Car,150.8296,B5Vn
52426,,10.751118,67.411384,5.95,UMa,380.2281,C5II
52443,,10.754546,-80.469597,5.46,Cha,106.8376,K0III
52481,,10.763087,-80.540188,4.45,Cha,107.5269,B2.5IV
52486,,10.764416,30.682313,5.36,LMi,117.2333,A1Vn
52526,,10.771269,-64.514559,5.33,Car,145.9854,B7:V
52534,,10.773484,18.891523,5.5,Leo,57.2082,K3III
52537,,10.773689,14.194645,5.49,Leo,88.1057,G4III:
52549,,10.774889,-64.263242,5.23,Car,145.9854,B7IV
52575,,10.779488,-49.420255,2.69,Vel,35.9195,G5III SB
52584,,10.780898,-64.383474,4.87,Car,147.2754,B3IV
52585,,10.781127,-17.296874,5.44,Hya,63.1313,A3V
52590,,10.782634,-56.757192,5.14,Vel,161.2903,B8/B9III
52673,,10.801503,-59.919163,5.98,Car,100000.0,A0Ia
52687,,10.803921,-31.68785,5.87,Hya,143.0615,A1V
52709,,10.811266,-1.958896,5.92,Sex,167.5042,M2III
52757,,10.820953,10.545202,5.32,Leo,116.6861,A2V
52768,,10.823457,-59.323793,5.85,Car,225.7336,B9.5IV/V
52789,,10.827079,-16.193648,3.11,Hya,44.0723,K0/K1III
52794,,10.828747,-9.852695,5.85,Sex,104.4932,G8III:
52811,,10.832506,-34.058183,5.61,Ant,132.4503,A1V
52826,,10.838349,-8.897763,5.8,Sex,95.2381,A3m
52881,,10.851502,-3.092667,5.95,Sex,155.0388,K2
52889,,10.853067,56.58225,5.66,UMa,109.529,K2III
52910,,10.856594,59.320119,5.57,UMa,83.5422,K2III
53000,,10.875236,-57.240405,5.26,Car,100000.0,B9Ia
53075,Praecipua,10.888526,34.214871,3.79,LMi,29.0867,K0III-IV
53098,,10.891536,-20.138731,5.23,Hya,30.8071,F6V
53099,,10.891559,-58.853171,3.78,Car,29.129,K0III-IV...
53103,,10.891986,69.853881,5.91,UMa,44.287,G9IV
53107,,10.892911,54.585128,5.12,UMa,200.4008,K3III
53118,,10.895031,-70.720337,5.99,Car,233.1002,B6V
53119,,10.895476,-2.129205,5.45,Leo,95.8773,G8III
53141,,10.899648,43.189956,4.66,UMa,75.5287,A1Vs
53161,,10.904938,-13.758036,5.65,Crt,151.0574,K0III + (G)
53179,,10.908222,-61.826622,5.95,Car,442.4779,K4III
53222,,10.916163,34.034798,5.73,UMa,88.8889,G7III:
53239,,10.921456,-60.517003,5.93,Car,93.4579,K0III
53262,,10.92689,24.749718,4.3,Leo,87.9507,A1
53268,,10.928444,0.736922,5.91,Leo,44.8632,F2III
53271,,10.928999,33.506929,5.02,UMa,72.6216,K1III
53294,,10.933742,6.185371,5.91,Leo,119.1895,M5IIIvar
53347,,10.945289,-37.137765,4.6,Ant,58.2751,K0III
53375,,10.952183,-50.765018,5.9,Vel,102.9866,A7Vni
53543,,10.98715,-33.737595,5.7,Hya,48.5201,F2V
53565,Chalawan,10.99112,40.430257,5.03,UMa,14.0627,G0V
53567,,10.991925,-16.353701,5.88,Crt,202.8398,M1III
53570,,10.992438,36.0931,5.99,UMa,253.8071,M2III
53584,Alkes,10.996244,-18.298783,4.08,Crt,48.8043,K1III
53606,,10.999831,-43.80711,5.81,Vel,93.5454,B8/B9V
53618,,11.002572,-42.225859,4.37,Vel,60.1685,A3IV
53622,,11.003248,-14.083368,5.86,Crt,142.6534,K5III
53625,,11.004084,45.526276,5.47,UMa,253.1646,K5III
53651,,11.009347,3.617494,4.84,Leo,110.4972,K1III
53669,,11.012445,6.101449,4.98,Leo,46.3607,A5III
53682,,11.014009,39.212092,5.06,UMa,115.4734,Am
53751,,11.030465,-2.484585,4.73,Leo,179.2115,K5III
53754,Merak,11.030677,56.382427,2.34,UMa,24.4499,A1V
53798,,11.038827,20.179842,4.42,Leo,38.8651,A1m
53873,,11.054133,-11.30347,5.51,Crt,103.8422,G7III...
53893,,11.060164,-0.000833,5.95,Leo,185.8736,K3III
53905,Dubhe,11.062155,61.751033,1.81,UMa,37.679,F7V comp
53981,,11.075343,-47.679103,5.67,Vel,87.6424,A8III/IV
54016,,11.081721,-35.804678,5.43,Ant,158.7302,A0V
54024,,11.083619,7.336007,4.62,Leo,28.9939,F2III-IVvar
54046,,11.088867,-27.293612,4.92,Hya,43.2339,F3IV/V
54097,,11.099324,-27.287853,5.69,Hya,212.3142,B8V
54143,,11.109015,-62.424113,4.62,Car,122.1001,G8III
54169,,11.113866,-70.87793,5.58,Car,252.5253,B2V
54178,,11.115058,1.955525,5.52,Leo,63.2111,G9IIICN...
54201,,11.121308,-42.638681,5.15,Cen,84.1043,Ap SrCrEu
54302,,11.142778,-61.947175,5.11,Car,100000.0,B9Ia
54304,,11.143165,-58.975037,3.93,Car,100000.0,G0Ia0
54318,,11.145557,-28.08067,5.43,Hya,55.6483,A1V
54328,,11.146969,24.658464,5.7,Leo,141.2429,A3IV
54364,,11.155302,36.309379,5.71,UMa,117.096,M3.5III
54378,,11.160699,43.207736,5.89,UMa,168.0672,M2III
54380,,11.161062,44.498487,3.0,UMa,44.3066,K1III
54401,,11.164831,-32.367529,5.79,Hya,120.919,A1V
54522,,11.194302,-22.825847,4.46,Crt,104.2753,A1V
54586,,11.209191,-49.100996,5.37,Cen,50.4032,A2III
54591,,11.210005,-60.317625,4.59,Car,100000.0,A6Ia
54607,,11.212568,-64.16977,5.22,Car,95.8773,B9V
54651,,11.220746,-44.372216,5.77,Cen,192.6782,K5/M0III
54668,,11.225219,-59.619318,5.74,Car,675.6757,B1.5V
54679,,11.227611,-53.231813,5.75,Cen,130.039,K2III
54688,,11.22932,-0.069502,5.4,Leo,161.8123,A0V
54702,,11.233843,8.060695,5.79,Leo,60.5694,K3III
54712,Zosma,11.235138,20.523717,2.56,Leo,17.9147,A4V
54718,Chertan,11.237335,15.42957,3.33,Leo,50.6073,A2V
54789,,11.253397,23.095502,4.56,Leo,294.1176,M3III
54853,,11.264417,13.307578,5.31,Leo,118.4834,K3III
54921,,11.277695,-3.651601,4.45,Leo,56.4653,A7IVn
54923,,11.278299,49.47625,5.88,UMa,137.5516,K0III:
54974,,11.288167,2.010556,5.18,Leo,101.833,M0III comp
55055,Alula Borealis,11.307983,33.094306,3.49,UMa,122.399,K3III SB
55085,,11.315266,1.650395,5.9,Leo,90.2527,K0III:
55102,,11.318864,38.185557,4.76,UMa,58.8235,A2V
55116,,11.321297,-64.582491,5.99,Car,36.6838,F6IV
55118,,11.322347,-14.778541,3.56,Crt,56.9476,K0III
55260,,11.350117,-54.491019,3.9,Cen,109.6491,B5Vn
55269,,11.352276,6.029322,4.05,Leo,67.4764,B9.5Vs
55395,,11.380442,43.482703,4.99,UMa,163.3987,G8II
55416,,11.385596,-56.779355,5.82,Cen,233.1002,A4:p
55423,,11.386857,-36.164769,5.0,Cen,323.6246,K4III
55432,,11.389283,-64.954714,5.09,Mus,123.7624,B5
55433,,11.389415,-18.779973,5.08,Crt,42.8816,F3IV
55476,,11.398736,10.529509,4.0,Leo,23.6742,F2IV SB
55484,,11.400646,1.407765,5.39,Leo,108.4599,G8IIICN...
55491,,11.4031,-72.256608,5.55,Mus,304.878,B2IV-V
55521,,11.410164,-10.859323,4.81,Crt,115.3403,K5III
55539,,11.414702,-17.68401,4.06,Crt,25.2398,A9V
55550,,11.416369,11.430292,5.8,Leo,150.3759,K4III
55590,,11.424852,-36.063062,5.21,Cen,84.0336,K0III
55597,,11.425862,-37.747575,5.87,Cen,136.7989,M3III
55599,,11.426771,16.456539,5.58,Leo,43.9174,F2V
55613,,11.428717,-63.972475,5.18,Cen,27.2183,F7V
55631,,11.43254,55.850459,5.73,UMa,94.0734,K0III
55664,,11.443174,-61.115167,5.22,Cen,418.41,B3IV
55682,,11.446467,-53.159915,5.8,Cen,187.6173,K0III+...
55707,,11.452644,-12.356749,5.93,Crt,70.0771,F4III-IV
55779,,11.465622,2.856265,4.95,Leo,172.4138,G8II-III
55833,,11.476413,-42.674203,5.14,Cen,214.5923,B9V
55867,,11.484481,39.336974,5.3,UMa,65.2316,A2V
55868,,11.484621,61.778368,5.83,UMa,33.3,F5Vawvar
55911,,11.494061,-24.464011,5.77,Crt,136.612,A0V
55913,,11.494957,15.413269,5.74,Leo,134.2282,K4III
55959,,11.505248,-3.003501,4.77,Leo,185.1852,K4III
55979,,11.508065,18.409801,5.54,Leo,96.5251,K0III
55981,,11.508651,43.173242,5.94,UMa,53.4188,F4V
56044,Giausar,11.523407,69.331076,3.82,Dra,102.145,M0IIIvar
56076,,11.529464,-59.442061,5.07,Cen,100000.0,G0Ia
56083,,11.530223,-59.515648,5.12,Cen,100000.0,A3Ia
56113,,11.53789,-29.261022,4.93,Hya,26.295,F8V
56119,,11.538888,-66.961823,5.89,Mus,93.985,K1IIICN...
56121,,11.539097,61.08252,5.46,UMa,27.9877,F6V
56149,,11.546538,-7.827523,5.94,Crt,147.4926,K4III
56150,,11.546693,-40.436194,5.64,Cen,171.2329,M1III
56163,,11.54837,-31.087226,5.13,Hya,119.1895,M1/M2III
56174,,11.550038,-31.857625,3.54,Hya,39.7456,G8III
56222,,11.560337,-40.586637,5.39,Cen,118.2033,A2IV/V
56276,,11.572764,3.060165,5.76,Leo,27.2257,F5V
56283,,11.574878,-32.83134,5.96,Hya,9.5593,K0V
56304,,11.57847,16.796915,5.95,Leo,581.3953,B4V
56311,,11.579355,-54.264091,4.62,Cen,130.719,B9V
56328,,11.582473,-49.13649,5.5,Cen,58.8235,K1III/IV
56341,,11.584695,54.785419,5.63,UMa,134.5895,K0III
56349,,11.58703,-47.37258,5.64,Cen,221.2389,M3III
56392,,11.596363,-63.019841,3.11,Cen,128.7001,B9II:
56404,,11.598771,-47.641643,5.26,Cen,61.8047,A7m
56414,,11.600744,69.322952,5.19,Dra,72.8332,K0III
56432,,11.604987,27.781351,5.8,Leo,71.582,F0V
56437,,11.606215,-61.052433,5.84,Cen,497.5124,B2.5IV
56451,,11.609706,-33.570057,5.71,Hya,111.6071,K0III
56464,,11.611365,-9.802247,4.7,Crt,85.9845,B9.5Vn
56478,,11.615814,-0.823749,4.3,Leo,55.6483,G9III
56487,,11.616852,-61.283442,5.14,Cen,71.6846,K1III
56506,,11.621074,-75.896544,5.64,Cha,41.511,F1III
56532,,11.626114,-47.747309,5.46,Cen,108.3424,K2III
56558,,11.630127,-67.620379,5.94,Mus,108.4599,K0III
56585,,11.635371,-61.826563,5.15,Cen,87.4126,B9IV
56601,,11.639056,43.625429,5.56,UMa,46.49,F2II-III
56610,,11.641002,8.134298,5.24,Vir,152.439,M4III
56633,,11.644449,-13.201943,5.48,Crt,26.7308,F7V
56693,,11.658227,-65.397766,5.01,Mus,153.8462,G2III + A
56753,,11.670221,-34.74466,4.7,Hya,137.5516,B9V
56800,,11.678468,-53.968607,5.95,Cen,349.6503,M1III
56805,,11.679742,21.35273,5.26,Leo,82.7815,K1III
56816,,11.681568,-62.090101,4.93,Cen,272.4796,G3Ib
56828,,11.684171,34.201635,5.31,UMa,9.6117,G8Vvar
56843,,11.688836,-43.095667,5.54,Cen,65.4879,A0V
56859,,11.69286,31.746058,5.73,UMa,41.1523,F4V
56876,,11.695541,-32.499404,5.2,Hya,123.7624,K5III
56940,,11.707889,66.744906,5.32,Dra,184.5018,K3III
56993,,11.724219,-37.190155,5.98,Cen,260.4167,K3III
57003,,11.725332,-62.489396,5.0,Cen,100000.0,F9Ia
57111,,11.746049,-18.350674,4.71,Crt,108.2251,G8III
57156,,11.754733,8.258119,4.84,Vir,37.4111,A4V
57190,,11.760141,-66.728763,3.63,Mus,38.9864,A7III
57198,,11.762216,-45.690134,5.28,Cen,211.8644,B6III
57208,,11.764322,6.529376,4.04,Vir,90.0901,M0III
57226,Taiyangshou,11.767515,47.779406,3.69,UMa,56.3063,K0III
57266,,11.775232,-61.178398,4.11,Cen,119.4743,G0II
57270,,11.775376,-40.500354,4.89,Cen,9.2208,G3/G5V
57304,,11.782116,55.62819,5.27,UMa,66.0939,K3III
57339,,11.788654,-57.696498,5.42,Cen,215.5172,K5III
57389,,11.798584,8.245895,5.31,Vir,59.1716,A1
57392,,11.799762,20.218931,4.5,Leo,71.3267,A comp SB
57408,,11.80403,-66.81491,4.75,Mus,131.7523,K4III
57433,,11.810753,14.28421,5.9,Leo,59.7372,F0V
57440,,11.812524,-26.749777,5.1,Hya,167.2241,M4III
57459,Denebola,11.817663,14.57206,2.14,Leo,10.9999,A3Vvar
57496,,11.828077,-63.788478,4.3,Cen,182.4818,B3V
57497,,11.828258,34.931758,5.73,UMa,69.4444,F5IV
57523,,11.832395,-70.22579,4.98,Mus,290.6977,G5Ib
57568,,11.840911,-62.649381,5.68,Cen,100000.0,A3Iab
57584,Zavijava,11.844922,1.764718,3.59,Vir,10.929,F8V
57618,,11.85062,-5.333332,5.62,Vir,91.4077,K0IV
57630,,11.852419,-45.17347,4.47,Cen,132.8021,K4III
57668,,11.861559,-30.834809,5.85,Hya,31.1721,F8V
57678,,11.864237,-65.20591,4.89,Mus,111.1111,B4V
57698,,11.869537,-56.987741,5.56,Cen,102.8807,B4III
57763,,11.881813,-33.908124,4.29,Hya,94.9668,Ap Si
57828,Phecda,11.897168,53.69476,2.41,UMa,25.5037,A0V SB
57909,,11.911816,-25.713887,5.26,Hya,87.7193,G8III
57930,,11.916672,-63.27918,5.89,Cen,100000.0,A3Ib
57937,,11.917537,8.443943,5.58,Vir,52.5762,K0III:
57984,,11.927814,-28.477103,5.93,Hya,167.7852,K4III
57986,,11.927926,15.646818,5.53,Leo,151.7451,A3V
58007,,11.932892,56.59856,5.83,UMa,94.8767,K1III
58014,,11.933599,-17.150829,5.17,Crt,77.101,A0V
58151,,11.961118,-62.448748,5.59,Cru,187.2659,B3V
58204,,11.970898,-56.31731,5.44,Cru,233.6449,B8III
58252,,11.979907,-64.33956,5.59,Cru,100000.0,A3Ib
58285,,11.988205,33.167004,5.95,UMa,227.2727,K1III
58309,,11.993796,-78.221839,4.88,Cha,110.8647,B9Vn
58334,,11.999142,3.655197,5.36,Vir,93.633,A1V
58401,,12.012347,-10.446014,5.54,Vir,12.7632,K0IV
58412,,12.014211,-19.658982,5.28,Crv,970.8738,B2IV
58415,,12.014553,6.614322,4.65,Vir,117.7856,A5V
58479,,12.027635,36.042086,5.59,UMa,102.7749,K0III
58509,,12.035239,43.0456,5.22,UMa,34.27,A7m
58545,,12.043815,-69.192288,5.89,Mus,105.7082,B9V
58583,,12.050447,-63.31293,4.32,Cru,72.0461,Am
58628,,12.060973,-42.434056,5.15,Cen,25.3229,F6V
58683,,12.071277,21.459153,5.89,Com,101.0101,F0IV-V
58693,,12.072008,-63.165711,4.72,Cru,261.7801,B2IV
58709,,12.077479,-68.328912,5.34,Mus,106.4963,A0V
58730,,12.079616,-76.519061,5.04,Cha,146.1988,K4III
58746,,12.082564,-60.968252,5.95,Cru,209.6436,M2III
58773,,12.086817,8.732985,4.12,Vir,50.0501,G8III
58777,Tonatiuh,12.087451,76.905734,5.78,Cam,97.0874,G9III
58873,,12.106404,-65.709453,5.95,Mus,125.9446,G8/K0III
58895,,12.114687,-64.61373,4.14,Cru,19.755,F2III
58973,,12.130565,-75.367019,5.17,Mus,130.2083,K2II/III
58994,,12.134788,-50.661278,4.46,Cen,134.4086,B2IIIne
59005,,12.137422,-48.692487,5.34,Cen,183.8235,A1V
59016,,12.13931,-50.722425,2.58,Cen,127.2265,B2IVne
59020,Alchiba,12.140225,-24.728875,4.02,Crv,14.9365,F0IV/V
59049,,12.148281,-44.325989,5.75,Cen,104.1667,A3III
59052,,12.148497,-41.231605,5.51,Cen,487.8049,B3IV
59104,,12.161475,1.897889,5.95,Vir,73.046,K3III
59127,,12.167616,5.807008,5.72,Vir,44.0529,Am
59134,,12.168746,-22.619766,3.02,Crv,97.4659,K2III
59202,,12.183354,81.709832,6.0,Cam,336.7003,K5III:
59212,,12.184401,-23.602423,5.45,Crv,58.8235,A1V
59267,,12.194202,-52.36846,3.97,Cen,116.144,B3V
59286,,12.19755,25.87028,5.66,Com,271.7391,K4III
59319,,12.202581,20.542064,5.6,Com,130.3781,K0II-III
59322,,12.203311,77.616241,5.14,Cam,33.3778,A5m
59335,,12.206106,-62.950773,5.91,Cru,100000.0,B9Ia
59425,,12.223623,-38.929188,5.77,Cen,436.6812,B4III
59426,,12.223872,10.262341,5.85,Vir,50.1756,A2m
59472,,12.234085,-45.723919,5.31,Cen,175.1313,K3III
59546,,12.249884,-20.84422,5.82,Crv,82.85,K0IIICN...
59564,,12.252366,70.200008,5.72,Dra,142.8571,K2III
59565,Imai,12.252427,-58.748928,2.79,Cru,105.8201,B2IV
59592,Megrez,12.257086,57.032617,3.32,UMa,24.6853,A3Vvar
59621,Gienah,12.263437,-17.541929,2.58,Crv,47.1032,B8III
59637,,12.266719,14.899071,5.09,Com,60.9013,A3V
59649,,12.268763,40.66018,5.69,CVn,236.4066,M1III
59665,,12.272372,23.945409,4.93,Com,76.4526,K0III
59674,,12.27504,33.061527,4.99,Com,96.9932,K1III
59737,,12.291551,53.191331,5.8,UMa,105.7082,K6III
59740,,12.291827,28.937189,5.71,Com,54.9451,A4m
59746,,12.292917,-67.960736,4.06,Mus,92.4214,M5III
59816,,12.305812,-79.31224,4.24,Cha,91.4913,B5Vn
59826,,12.307298,-64.003071,4.06,Cru,109.6491,B2.5V
59846,,12.311199,-0.787184,5.9,Vir,114.5475,A5Vn
59860,,12.313901,75.160561,5.47,Dra,97.8474,A1V
59875,,12.316608,-55.143002,5.01,Cen,151.5152,M1III
59938,,12.330199,48.984148,5.28,CVn,180.8318,M0III
59945,Zaniah,12.331766,-0.666803,3.89,Vir,81.367,A2IV
59973,,12.336326,-22.1757,5.94,Crv,118.3432,K0III+...
59986,,12.3388,26.619482,5.52,Com,49.3583,K2III-IV
59988,,12.339161,3.312574,4.97,Vir,94.4287,K1III
60003,,12.34268,-22.215901,5.2,Crv,127.3885,B8V
60017,,12.345286,17.792868,4.72,Com,88.8889,G8III
60027,,12.347461,57.864118,5.54,UMa,194.9318,K5III
60036,,12.348809,-13.565724,5.14,Crv,61.6903,K0III
60075,Ginan,12.356031,-60.401147,3.59,Cru,70.4722,K3/K4III
60123,,12.365953,-56.374385,5.91,Cru,694.4444,K4III + (F)
60135,,12.368713,-67.522105,5.15,Mus,101.1122,Am
60144,,12.370009,-68.307316,5.73,Mus,100.2004,K0III
60166,,12.375087,25.84616,4.78,Com,90.3342,F8:p...
60194,,12.380403,-57.676132,5.38,Cru,110.8647,B9V
60240,,12.38933,-24.840669,5.66,Crv,101.5228,K1III
60264,,12.393174,-35.412677,5.32,Cen,136.2398,B8/B9V
60277,,12.395765,-38.911381,5.79,Cen,102.7749,B8/B9V
60299,,12.400414,51.562257,4.76,CVn,118.4834,G7III
60328,,12.405146,26.098606,5.17,Com,81.103,A3V
60398,,12.41756,56.777828,5.82,UMa,263.1579,M3III
60409,,12.419935,-11.61059,5.95,Vir,70.5219,A1V
60423,,12.422706,-35.186417,5.71,Cen,134.5895,B9IV/V
60459,,12.43082,39.018616,5.01,CVn,80.1925,G8III-IV
60509,,12.440018,27.268237,4.92,Com,84.6024,F0p
60522,,12.442158,-51.450635,4.82,Cen,137.3626,B3Vn
60530,Acrux,12.443311,-63.099092,0.77,Cru,98.7167,B0.5IV
60547,,12.447692,-32.830121,5.56,Hya,155.521,B9V
60554,,12.448966,28.268423,4.35,Com,51.2821,K2IIICN+...
60558,,12.449805,26.825699,4.98,Com,85.1789,A4V
60593,,12.458019,-58.991756,5.38,Cru,135.8696,M4/M5III
60607,,12.459754,55.712724,5.68,UMa,127.8772,M2III
60635,,12.467331,-50.230635,3.91,Cen,126.2626,B3V
60667,,12.472908,-39.041172,5.45,Cen,133.8688,B8/B9V
60715,,12.481863,25.912852,5.29,Com,72.8863,A0p
60752,,12.490845,24.108925,5.47,Com,61.6143,F5III
60768,,12.495344,20.896109,5.68,Com,84.0336,A3V
60776,Algorab,12.497739,-16.515432,2.94,Crv,26.6312,B9.5V
60780,,12.498388,-56.52494,5.78,Cru,156.0062,M1III
60789,,12.499267,58.405742,5.37,UMa,83.7521,A5e...
60790,,12.499413,-41.735901,6.0,Cen,226.2443,M2II/III
60809,,12.501868,69.201123,5.01,Dra,190.4762,M3IIIa
60826,,12.504846,-23.696419,5.63,Crv,301.2048,M0III
60879,,12.516823,24.567168,5.47,Com,82.713,A2pvar
60893,Gacrux,12.519429,-57.113212,1.59,Cru,27.1518,M4III
60945,,12.527871,-59.423922,5.49,Cru,429.1845,F5III
60967,,12.53226,-63.505838,5.96,Cru,75.1315,A8III
60983,,12.53451,-16.196007,4.3,Crv,18.2815,F2V
60989,,12.536089,-73.001056,5.88,Mus,106.6098,K1III
61008,,12.541134,-72.132988,3.84,Mus,99.6016,B5V
61020,,12.543334,-13.859105,5.74,Crv,38.1679,F3IV/V
61088,,12.558058,69.788238,3.85,Dra,150.3759,B6IIIp
61103,,12.559516,-12.830203,5.58,Crv,49.3583,G8III/IV
61116,,12.56081,33.247584,5.42,CVn,89.3655,K0IIICN...
61124,Chara,12.562411,41.35748,4.24,CVn,8.4395,G0V
61125,,12.562986,-9.452077,5.48,Vir,79.2393,A0V
61166,Kraz,12.573121,-23.396759,2.65,Crv,44.6628,G5II
61186,,12.578448,-44.673018,5.76,Cen,28.3206,G4IV
61191,,12.578902,70.02177,4.95,Dra,184.5018,K2III
61202,,12.580857,22.629259,4.8,Com,95.057,A0IV
61225,,12.585489,18.377058,5.03,Com,138.1215,K2III
61227,,12.585602,21.881384,5.86,Com,195.6947,K1III
61275,,12.595987,-41.021945,5.12,Cen,35.524,A7III
61305,,12.600289,-39.869505,5.78,Cen,72.7802,A0V
61365,,12.613154,-5.831898,5.88,Vir,69.0131,A3V
61378,,12.616204,17.089536,5.7,Com,194.5525,K5III
61392,,12.619739,-69.135564,2.69,Mus,96.7118,B2IV-V
61428,,12.628409,-27.138888,5.41,Hya,34.3289,F0V
61429,,12.628394,-48.541304,3.85,Cen,40.2414,A2V
61465,,12.639557,1.854662,5.68,Vir,151.0574,M3III
61495,,12.645726,-18.2501,6.0,Crv,67.2948,F0V
61527,,12.650962,-30.422387,5.86,Hya,191.5709,K2/K3III
61531,,12.652031,21.062559,5.49,Com,83.8223,G9III
61547,,12.654102,-7.995564,4.66,Vir,90.009,K2III
61596,,12.664594,-39.987302,4.63,Cen,111.8568,B8II/III
61717,,12.687765,-13.013901,5.17,Crv,78.9266,F3IV
61723,,12.689723,-46.145581,5.84,Cen,277.7778,K3II
61739,,12.691971,-48.959888,2.2,Cen,39.9042,A1IV
61748,Porrima,12.694345,-1.449375,2.74,Vir,11.685,F0V+...
61767,,12.698071,10.235625,4.88,Vir,36.2713,A0V
61773,,12.699051,-59.685819,4.91,Cru,293.2551,B6IV
61775,,12.699199,6.806617,5.57,Vir,71.5308,A2V
61819,,12.709858,-48.813109,4.66,Cen,58.4454,K0III
61834,,12.713965,-63.058624,5.27,Cru,373.1343,B2pe
61865,,12.719221,-56.176224,5.99,Cru,117.096,B9Vn
61910,,12.727236,-1.576996,5.91,Vir,66.9792,G8IIIp
61938,,12.733481,-28.323957,5.46,Hya,126.4223,K3III
62014,,12.749852,39.278916,5.95,CVn,17.3762,G0V
62030,La Superba,12.752174,45.440256,5.42,CVn,320.5128,C7Iab
62074,,12.760294,7.673326,5.22,Vir,77.4593,A8m
62075,,12.76055,-60.981318,4.69,Cru,36.8053,K1III
62127,,12.771346,-68.108119,3.04,Mus,104.712,B2V
62130,,12.772928,9.539684,5.65,Vir,45.1467,K1III-IV
62132,,12.772981,-56.488815,4.62,Cru,117.9245,B3V
62161,,12.777433,16.577691,5.12,Com,104.1667,K3III
62165,,12.779508,-33.315483,5.87,Cen,108.9325,K3III
62207,,12.788594,62.781155,5.88,UMa,60.2773,A9V
62228,Tianyi,12.792873,66.790304,5.43,Dra,227.2727,K5III
62239,Mimosa,12.795359,-59.688764,1.25,Cru,85.3971,B0.5III
62305,,12.807297,-27.597384,5.65,Hya,98.2318,G8III
62317,,12.810944,60.319822,5.83,UMa,24.0442,F5V
62346,,12.815059,14.122584,5.71,Com,122.399,A1V
62366,,12.81855,83.417832,5.92,Cam,123.0012,A0V
62377,,12.820496,83.412901,5.38,Cam,178.8909,A1IIIsh
62381,,12.821516,27.552379,5.76,Com,92.9368,A2V
62413,,12.829154,-71.98626,5.55,Mus,143.2665,G8Ib/II
62445,,12.836321,37.516937,5.87,CVn,109.7695,A3V
62487,,12.844769,-33.999302,4.9,Cen,122.6994,B9V
62507,,12.849413,-52.787424,5.7,Cen,101.833,A5V
62535,,12.854994,-60.329789,5.71,Cru,100000.0,A2Iab
62566,,12.861645,27.540712,4.93,Com,89.1266,G0III
62589,,12.865815,-39.680431,5.99,Cen,142.8571,B7/B8V
62664,,12.884502,-54.952473,5.91,Cen,126.7427,K3III
62670,,12.885258,-48.943315,4.33,Cen,90.2527,K3/K4III
62689,,12.888263,21.244943,4.89,Com,86.8056,G8III
62697,,12.889416,-60.328489,5.75,Cru,100000.0,B9Ia
62699,,12.890607,-40.178872,4.25,Cen,45.5581,A4IV
62734,,12.896923,-60.376244,5.89,Cru,100000.0,B5Ia
62757,Alioth,12.900472,55.959821,1.76,UMa,25.31,A0p
62783,,12.905184,-11.64857,6.0,Vir,68.4932,A2V
62785,,12.905879,-9.538994,4.77,Vir,166.9449,M3IIIvar
62803,,12.9099,-57.177924,4.03,Cru,127.0648,B2IV-V
62805,,12.910251,-57.16867,5.08,Cru,124.8439,B5Vne
62807,,12.910889,-59.146701,4.62,Cru,117.6471,B4Vn
62824,,12.915702,47.196722,5.75,CVn,213.2196,M5III
62831,,12.916219,-85.123369,5.45,Oct,107.8749,K0III
62833,,12.916269,-44.151968,5.89,Cen,40.0962,G2IV
62866,,12.922067,-42.915732,5.46,Cen,202.8398,M0III
62876,Taiyi,12.924598,65.438474,5.23,Dra,29.2912,A5n
62890,Minelauva,12.926725,3.39747,3.39,Vir,60.8273,M3III
62918,,12.932538,-56.835806,5.34,Cru,100000.0,O9Ib
62921,Cor Caroli B,12.933468,38.314912,5.61,CVn,36.9004,F0V
62925,Cor Caroli,12.933807,38.31838,2.89,CVn,35.1989,A0spe...
62943,,12.938221,54.099489,5.84,UMa,86.6551,A5m
62963,,12.942142,-72.185212,5.93,Mus,176.3668,G8III
63008,,12.951212,-51.198752,5.17,Cen,112.9944,B8V
63138,,12.979809,75.472508,6.0,Dra,166.113,K0III
63153,,12.982068,17.409446,4.76,Com,99.4036,M0III
63212,,12.99431,-3.811926,5.79,Vir,77.9423,A3V
63230,,12.998665,66.597272,5.37,Dra,191.5709,K2III
63259,,13.004576,30.785021,4.88,Com,202.4291,K1IIIp
63291,,13.009985,-3.368488,5.99,Vir,100.3009,K2III
63300,,13.012125,56.366338,4.93,UMa,25.4453,F2V
63330,,13.019337,17.123147,5.97,Com,124.6883,K0III
63405,Vindemiatrix,13.036278,10.95915,2.85,Vir,33.6022,G8IIIvar
63411,,13.037759,-71.548855,3.61,Mus,27.8707,K2III
63485,,13.051487,-71.475729,5.93,Mus,306.7485,B1.5IIIne
63521,,13.059256,-49.527264,4.83,Cen,67.6133,A0V
63535,,13.062808,-20.583497,5.58,Vir,28.2087,F7V
63698,,13.095678,35.798899,5.2,CVn,104.3841,B9V
63713,,13.097853,45.26855,5.64,CVn,132.626,K1III
63742,,13.104642,-48.463289,4.71,Cen,119.6172,B5V
63745,,13.105901,21.153397,6.0,Com,49.6771,F4V
63747,,13.106278,22.616187,5.53,Com,225.7336,M5III
63769,,13.109743,-41.588443,5.59,Cen,105.5966,K0II/III
63800,,13.115069,-35.862033,5.63,Cen,76.8049,A0V
63801,,13.11518,-49.906246,4.27,Cen,143.2665,B1.5V
63819,,13.119646,27.624741,4.8,Com,101.626,K5III
63830,,13.123418,-59.86051,5.98,Cen,170.068,B9IV+...
63851,,13.127305,-53.459764,5.7,Cen,100.1001,B8V
63875,,13.131614,-10.740408,5.15,Vir,94.2507,K2III
63891,,13.135321,-65.306023,5.44,Mus,100000.0,WC6 + O9.5I
63919,,13.142352,-8.984385,5.57,Vir,97.0874,K3III
63963,,13.150909,-23.11807,4.94,Hya,70.9723,K0III
63976,,13.153454,10.022468,5.79,Vir,94.518,K0III
64021,,13.162578,-10.329327,5.95,Vir,212.766,K5III
64023,,13.163291,16.848611,5.91,Com,206.1856,K5III
64034,,13.165831,-5.53901,4.38,Vir,96.8054,A1V
64037,Diadem,13.166469,17.529431,4.32,Com,17.8253,F5V
64042,,13.167563,38.498981,5.91,CVn,63.2911,A9III-IV
64128,,13.185805,-42.232891,5.78,Cen,84.8896,F7IV
64144,,13.189789,-43.368553,5.24,Cen,68.1663,K1/K2III
64185,,13.197612,-69.942017,5.92,Mus,42.1053,F3IV/V
64189,,13.197904,27.878183,4.23,Com,9.1291,G0V
64202,,13.200901,-37.803022,4.85,Cen,20.6697,G3V
64203,,13.200984,-16.198601,5.04,Vir,33.9098,F6V
64220,,13.204892,-59.920579,4.58,Cen,116.144,B8V
64240,,13.209145,11.556096,5.76,Vir,257.0694,M0III
64261,,13.21355,-66.226747,5.91,Mus,90.7441,A0V(n)
64310,,13.223156,-50.699829,5.9,Cen,112.2334,B9V
64335,,13.228597,40.152885,4.94,CVn,140.8451,K0III
64372,,13.236361,-19.930947,5.31,Vir,38.9712,G8III/IV
64375,,13.236699,-58.683937,5.91,Cen,109.1703,K0/K1III
64378,,13.237578,-59.103235,4.9,Cen,18.1984,F7IV
64383,,13.238153,-78.447454,5.84,Cha,374.5318,F8Ib
64402,,13.242023,11.331656,5.64,Vir,146.6276,M0III
64418,,13.245361,-48.957022,5.84,Cen,72.1501,K0IV
64456,,13.25416,-67.894589,4.79,Mus,117.3709,B8V
64486,,13.258882,40.855199,5.77,CVn,74.0741,A7V
64520,,13.266322,-19.943103,5.21,Vir,38.4763,K1III
64587,,13.279588,9.424156,5.19,Vir,17.5593,G0Vs
64598,,13.281425,-31.506196,5.1,Cen,78.9889,K0III
64615,,13.286952,-66.783438,4.86,Mus,366.3004,K2Ib/II
64617,,13.2872,-43.979479,5.82,Cen,64.8929,Am
64618,,13.287674,13.675751,5.33,Vir,99.5025,K3III
64639,,13.292379,40.572608,4.72,CVn,81.0373,F3III
64647,,13.293412,5.469869,4.78,Vir,207.0393,M2III
64701,,13.304034,49.682062,5.14,CVn,84.246,A0V
64720,,13.306763,-18.311196,4.74,Vir,8.5551,G5V
64722,,13.307701,34.098304,5.81,CVn,153.6098,K4.5III
64758,,13.315359,-23.171512,2.99,Hya,41.0341,G8III
64867,,13.3386,40.150548,5.6,CVn,156.0062,K1III
64904,,13.343296,-36.712295,2.75,Cen,18.0213,A2V
64907,,13.343843,-52.747825,5.47,Cen,125.3133,B6V
64924,,13.346761,-55.800688,6.0,Cen,100000.0,B0.5Ia
64939,,13.349367,-46.880008,5.76,Cen,126.7427,K1III
64993,,13.361567,2.087243,5.69,Vir,67.7048,A2V
65036,,13.369358,5.154764,5.89,Vir,65.9196,A2m
65042,,13.371191,-52.182956,5.81,Cen,100000.0,B2.5Ib
65066,,13.377211,-60.988393,4.52,Cen,108.6957,B3V
65096,,13.383643,-17.735274,5.36,Vir,93.8086,K0III
65118,,13.388582,-4.924427,5.88,Vir,381.6794,K3III
65173,Mizar,13.398747,54.925362,2.23,UMa,26.3089,A2V
65182,,13.400128,-64.535668,4.52,Cen,79.8085,G5III-IV
65215,,13.40923,-5.16401,5.76,Vir,29.967,F3V
65261,,13.418522,23.854419,5.75,Com,87.4891,A3IV
65263,,13.418694,-74.887818,5.04,Mus,67.7966,K0III
65269,Spica,13.419883,-11.161322,0.98,Vir,76.5697,B1V
65272,Alcor,13.420413,54.987958,3.99,UMa,25.0564,A5V SB
65274,,13.420568,-64.485144,5.32,Cen,39.2003,F2III
65317,,13.430657,-70.627248,5.65,Mus,136.0544,Ap
65330,,13.435483,-39.755107,5.11,Cen,62.3441,Kp...
65332,,13.435566,72.391476,5.82,UMi,359.7122,M1III
65340,,13.436504,-1.192471,5.97,Vir,78.3085,A7III
65345,,13.437943,46.028055,5.88,CVn,126.2626,K0III:
65375,,13.445325,-12.707664,5.27,Vir,134.9528,K5III
65387,,13.448922,-41.497562,5.69,Cen,598.8024,K3III
65389,,13.449205,78.643869,5.74,Cam,87.6424,G2.5IIIb
65433,,13.457546,-15.973578,4.76,Vir,85.9107,K1IIICN...
65515,,13.473837,13.778787,4.97,Vir,17.9856,G5V
65522,,13.474203,59.945787,5.4,UMa,71.3776,A1Vn
65584,,13.486945,10.81831,5.65,Vir,98.2318,K0III
65604,,13.490348,-51.165134,5.04,Cen,155.521,A0V
65729,,13.517405,-39.407307,3.9,Cen,277.7778,G8II/III
65798,,13.532746,-6.255816,4.68,Vir,122.549,M3III
65857,,13.543307,-28.692768,5.69,Hya,71.582,A0/A1V
65883,,13.547679,-15.363012,5.52,Vir,157.7287,K1III
65890,,13.549465,-10.165,5.21,Vir,72.0981,K0III
65989,,13.568698,55.348434,5.6,UMa,91.5751,A0V
65991,,13.56887,3.658967,4.92,Vir,56.6572,A1p SrCrEu
66025,,13.57425,49.015973,4.68,CVn,55.2792,A5V
66038,,13.577903,-13.214324,5.92,Vir,148.1481,A0V
66040,Heze,13.57822,-0.59582,3.38,Vir,22.7118,A3V
66048,,13.579943,37.182415,4.91,CVn,45.6621,F2IV SB
66111,,13.592027,-5.396191,5.7,Vir,97.1817,G6III
66191,,13.61346,-26.495198,5.73,Hya,81.5661,A7V+...
66208,,13.616412,24.613297,5.72,Boo,140.647,M2III
66218,,13.618339,-44.143203,5.96,Cen,127.2265,G8/K0III
66226,,13.619731,71.242252,5.5,UMi,126.1034,K2III
66229,,13.62008,-61.691856,5.63,Cen,35.727,F6V
66245,,13.623189,-46.427879,5.91,Cen,126.4223,B8V
66249,,13.624345,36.294898,4.82,CVn,60.9013,A7III
66353,,13.645021,-29.560867,5.81,Hya,46.2749,F3V
66365,,13.646933,-57.622717,6.0,Cen,100000.0,G5Ib
66424,,13.658472,52.921208,5.46,UMa,53.5906,A3Vn
66430,,13.659616,10.746269,5.57,Boo,59.988,F0V
66446,,13.663488,-40.051708,5.61,Cen,152.207,K2/K3III
66447,,13.664796,-53.466394,2.29,Cen,131.0616,B1III
66456,,13.666622,-49.949956,5.74,Cen,157.4803,M8III
66470,,13.669656,-64.576553,5.79,Cen,69.4444,F3III-IV
66516,,13.677909,19.955719,5.73,Boo,100.6036,A1V
66527,,13.678967,54.681634,4.63,UMa,160.5136,M2IIIvar
66541,,13.682257,-85.786043,5.56,Oct,83.7521,A2m...
66551,,13.683986,22.495768,5.63,Boo,102.9866,G9III
66586,,13.691625,64.822411,5.85,Dra,68.2128,A2V
66591,,13.693549,-8.702984,5.03,Vir,156.25,M2III
66609,,13.695775,-54.559425,4.99,Cen,83.1947,B8Vn+...
66637,,13.700307,-58.787078,5.38,Cen,239.8082,B9IV
66666,,13.706379,82.752408,5.92,Cam,122.549,G9III
66691,,13.71093,78.064437,5.91,UMi,100.7049,G7III:
66695,,13.712063,34.989021,5.98,CVn,146.8429,G5III
66712,,13.715287,-41.401043,5.96,Cen,110.3753,K0III
66713,,13.715587,-56.767971,6.0,Cen,884.9558,B0.5III
66724,,13.717698,3.537903,5.35,Vir,73.0994,K1III
66772,,13.727802,-42.067521,5.96,Cen,613.4969,B8III
66845,,13.741618,-16.179072,5.55,Vir,252.5253,G1IV/V
66931,,13.760249,-26.116009,5.81,Hya,87.0322,A0V
66941,,13.761471,-33.043721,4.23,Cen,19.4024,F3V
66960,,13.765644,-12.426528,5.5,Vir,124.6883,G8III
66982,,13.770435,41.088746,5.88,CVn,52.5486,A5V
66998,,13.771964,38.503626,5.92,CVn,130.719,G9III
67019,,13.776573,54.432679,5.68,UMa,89.0472,B9p EuCr
67023,,13.777604,-51.432766,4.64,Cen,80.5153,G8/K0III
67027,,13.778701,25.702236,5.97,Boo,89.6861,F6IV-V
67032,,13.78232,-36.251933,5.15,Cen,133.8688,A0V
67038,,13.783277,38.542697,5.51,CVn,97.1817,K0III+...
67063,,13.78771,17.456906,4.5,Boo,15.6177,F7V
67076,,13.790386,-17.859839,5.41,Vir,207.4689,M2III
67079,,13.791005,-50.249291,5.92,Cen,64.8508,A3m...
67088,Alkaid,13.792354,49.313265,1.85,UMa,31.8674,B3V SB
67091,,13.794052,-50.320682,5.46,Cen,152.6718,K2III
67171,,13.81076,31.190206,5.61,CVn,87.184,K0III
67244,,13.824091,-34.450776,4.19,Cen,56.1167,M5III
67246,,13.824623,15.797905,4.05,Boo,80.7754,K5IIIvar
67251,,13.825078,-41.687709,3.41,Cen,133.8688,B2IV
67259,,13.826943,-42.473732,3.47,Cen,155.0388,B2IV-Ve
67267,,13.828564,21.264105,4.92,Boo,123.0012,K4III
67272,,13.829296,61.489313,5.97,UMa,125.7862,G3V
67281,,13.831191,-18.134168,4.96,Vir,74.9064,K0III
67332,,13.840189,5.497224,6.0,Vir,154.7988,K0
67392,,13.85256,34.664399,5.89,CVn,207.9002,M2III
67414,,13.857205,64.723272,4.58,Dra,113.8952,M3III
67449,,13.863117,-46.898666,5.77,Cen,487.8049,B2Vp
67450,,13.863174,-69.401258,5.73,Cir,223.2143,K5/M0III
67451,,13.863188,34.44424,4.76,CVn,184.1621,K5III
67455,,13.863779,-32.994089,4.32,Cen,105.3741,B5
67489,,13.868021,-52.81153,5.26,Cen,79.6813,B9Vn
67568,,13.886192,28.648131,5.91,CVn,65.7462,A7V
67572,,13.886817,-31.927612,4.75,Cen,195.3125,B4IV
67573,,13.886925,17.932868,5.71,Boo,211.4165,G5III
67605,,13.892437,-35.664248,5.53,Cen,52.2739,F3V
67622,,13.895306,-53.373323,5.87,Cen,276.2431,B5III
67634,,13.897507,53.728677,5.7,UMa,146.8429,A0V
67647,,13.899234,-47.128164,5.83,Cen,100000.0,B2IIIe
67711,Muphrid,13.911411,18.397717,2.68,Boo,11.396,G0IV
67713,,13.911707,-1.503125,5.16,Vir,75.5858,K2III
67726,,13.913646,-67.6521,5.74,Cir,289.0173,K2III
67757,,13.920042,-52.160822,5.66,Cen,108.2251,B8V
67786,,13.925667,-47.288375,2.55,Cen,117.096,B2.5IV
67794,,13.927493,-82.66619,5.95,Cha,245.7002,K2/K3III:p
67862,,13.938837,-46.592948,5.82,Cen,97.561,K0IV
67875,,13.941077,1.050581,5.9,Vir,90.2527,A8V
67883,,13.942489,-54.704665,6.0,Cen,38.6997,G8V
67885,,13.942827,27.492082,5.02,Boo,178.2531,K3IIIvar
67973,,13.960809,-63.686696,4.71,Cen,64.2674,K4III
68027,,13.971186,-42.100753,3.83,Cen,161.0306,B2IV
68051,,13.975319,-24.972249,5.2,Hya,102.0408,B8V
68058,,13.977479,21.696219,5.76,Boo,144.7178,A0Vs
68064,,13.977987,-44.803584,3.87,Cen,131.0616,B2IV-V
68115,,13.988187,-50.369647,5.92,Cen,106.1571,G8/K0III
68172,,14.000037,-25.010403,5.77,Hya,55.991,F6V
68238,,14.014596,-66.26891,5.96,Cir,76.1035,F0V
68280,,14.022341,8.894906,5.98,Boo,82.85,A2V
68302,,14.027443,1.544532,4.23,Vir,68.9655,A3V
68305,,14.028748,-45.603421,4.34,Cen,389.1051,F6II
68363,,14.039662,-27.429773,5.47,Hya,134.7709,K2/K3III
68450,,14.057371,-56.213434,5.93,Cen,167.2241,K2III
68483,Hadar,14.063729,-60.373039,0.61,Cen,120.1923,B1III
68537,Thuban,14.073165,64.37585,3.67,Dra,92.9368,A0III SB
68596,,14.088903,-76.796752,5.69,Aps,113.1222,M6.5III
68642,,14.10077,-41.179633,4.36,Cen,156.4945,B2V
68675,,14.106193,-26.682361,3.25,Hya,30.9598,K2III
68714,Menkent,14.111395,-36.369954,2.06,Cen,18.0343,K0IIIb
68720,,14.111896,-9.313515,5.46,Vir,58.0383,F2IV
68818,,14.132154,43.854452,5.13,Boo,157.2327,M4.2III
68848,,14.138145,49.458167,5.26,Boo,168.3502,M2III
68892,,14.147498,77.547514,4.8,UMi,140.056,K3III
68954,,14.159734,-51.504672,5.96,Cen,251.2563,B9IV
68971,,14.165242,-53.438946,4.74,Cen,55.9284,G8III
69004,,14.173315,25.091677,4.82,Boo,37.4251,F9IVw
69047,,14.18069,-16.30203,4.93,Vir,141.2429,M1III
69151,,14.201122,69.432548,5.18,UMi,131.2336,M2III
69167,,14.20439,2.409433,4.99,Vir,79.1766,B9p Si
69193,,14.212785,-27.261186,5.07,Hya,66.7111,K2III
69205,Kang,14.214929,-10.273702,4.18,Vir,78.125,K3III
69240,,14.221226,-53.665674,5.53,Cen,653.5948,K5III+...
69261,,14.224718,51.789965,4.53,Boo,50.1002,A8IV
69271,,14.227997,-0.845463,5.89,Vir,59.3824,F7Vw
69313,,14.234773,12.959444,5.53,Boo,33.9213,F6IV
69376,,14.245191,-41.837495,5.61,Cen,136.612,G8III
69390,,14.247458,10.10061,5.29,Boo,81.2348,K1III
69396,,14.249208,-57.086126,5.03,Cen,147.7105,B4Vne
69436,,14.256691,-18.20069,5.53,Vir,75.643,A0V
69451,Arcturus,14.26103,19.18241,-0.05,Boo,11.2575,K2IIIp
69479,Syrma,14.266908,-6.000547,4.07,Vir,22.237,F7V
69491,,14.269439,51.367231,4.75,Boo,29.0698,A9V
69510,Xuange,14.273074,46.088305,4.18,Boo,30.3582,A0sh
69541,,14.277423,-66.587894,5.72,Cir,400.0,B1.5III
69606,,14.291237,15.26338,5.84,Boo,233.6449,M3III
69656,,14.29995,35.509505,4.8,Boo,71.582,K1III
69673,,14.303877,-81.00776,4.89,Aps,42.337,A2m...
69706,,14.310627,-18.715968,5.86,Vir,102.0408,Ap Si(Cr)
69742,,14.316922,-25.815426,5.87,Hya,18.0343,F7Vw
69751,Khambalia,14.318498,-13.371095,4.52,Vir,57.1755,A1V
69766,,14.321188,13.004299,5.41,Boo,26.096,F5IV
69772,,14.323302,-37.002907,5.93,Cen,73.4754,A1V
69773,,14.323396,-46.058093,3.55,Lup,103.6269,B2.5IV
69789,,14.325689,-2.265518,5.14,Vir,80.1925,G9III
69804,,14.329233,16.306948,4.84,Boo,57.3394,K3III
69813,,14.331002,-61.272972,5.22,Cen,48.3559,Am
69831,,14.336029,-43.058843,5.55,Lup,113.1222,G8III
69846,,14.338763,-56.386497,4.3,Cen,375.9398,B6Ib
69867,,14.342623,-37.885295,4.05,Cen,79.3651,A0IV
69881,,14.345159,-45.18706,4.78,Lup,43.554,F0IV
70020,,14.372145,-34.786792,5.57,Cen,420.1681,B8V
70025,,14.373108,-80.108945,5.06,Aps,197.6285,B4V
70041,,14.376971,-58.459117,4.76,Cen,117.5088,G8/K1 + F/G
70077,,14.383956,-39.511819,4.41,Cen,140.2525,B2V
70083,,14.384942,-27.754017,4.78,Hya,48.2625,K3III
70104,,14.389638,8.446617,4.86,Boo,65.9196,A0V
70140,,14.396834,-53.176233,5.99,Lup,112.9944,K1III
70161,,14.400243,8.243969,5.94,Boo,135.5014,A3V
70177,,14.403151,5.820131,5.1,Vir,48.7567,A5V
70246,,14.413508,-24.80631,5.34,Lib,140.647,K0III
70269,,14.418426,-68.195333,5.56,Cir,621.118,A3Ib
70274,,14.419967,51.850744,4.04,Boo,14.5307,F7V
70351,,14.435619,-45.221424,4.56,Lup,334.4482,B2IV
70353,,14.436336,-45.379276,4.33,Lup,97.8474,A7:+...
70380,,14.440935,19.2269,5.4,Boo,89.1266,F0m
70415,,14.448801,-83.667884,4.31,Oct,91.659,K2III
70434,,14.451973,-65.821646,5.87,Cir,277.0083,K3III
70440,,14.453392,-46.134254,5.83,Lup,67.8426,Am
70470,,14.458758,75.695993,4.25,UMi,110.011,K4III
70530,,14.469564,-29.491638,4.97,Hya,120.6273,B7/B8V
70532,Elgafar,14.470038,-2.227957,4.81,Vir,36.2582,G2III
70568,,14.477197,49.844851,5.58,Boo,100.0,G3IV
70572,,14.478256,-6.900536,5.42,Vir,191.5709,K5III
70670,,14.497366,0.828929,5.96,Vir,79.3021,A5IV
70691,,14.502399,-45.321355,5.51,Lup,146.1988,B8Vn
70707,,14.505823,-49.519018,5.38,Lup,62.3441,A1V
70762,,14.519678,-38.869708,5.99,Cen,96.6184,K1III
70777,,14.521224,-67.717197,5.84,Cir,76.0456,K1III
70828,,14.5305,30.371437,3.57,Boo,49.0918,K3III
70851,Seginus,14.534636,38.308253,3.04,Boo,26.6099,A7IIIvar
70869,,14.538953,26.677284,6.0,Boo,73.6377,A7Vn
70885,,14.541926,55.39801,5.74,Dra,190.1141,K5III
70889,,14.542374,22.260059,5.91,Boo,54.0249,F2IV
70895,,14.543629,-50.457157,4.44,Lup,176.3668,B2III
70958,,14.558325,-52.679522,5.86,Lup,100.3009,K0III
70959,,14.559004,-54.998628,5.86,Lup,76.4526,F6IV-V
71054,,14.577676,49.368354,5.74,Boo,262.4672,M1III
71058,,14.578,29.74513,4.47,Boo,15.8328,F3Vwvar
71125,,14.591786,-42.157824,2.33,Cen,93.7207,B1Vn + A
71127,,14.592079,-41.517436,5.88,Cen,112.4859,B6V
71193,,14.605288,-46.245451,5.55,Lup,214.5923,K3III
71227,,14.61226,-40.21158,5.74,Cen,147.4926,B8V
71274,,14.622266,-46.133439,5.39,Lup,418.41,K0III
71310,,14.631454,-49.425828,4.05,Lup,96.8992,B5V
71342,,14.636837,43.64213,5.74,Boo,276.2431,K2III
71345,,14.637219,18.298379,5.9,Boo,99.0099,K2III:
71347,,14.63756,54.023339,5.83,Boo,110.2536,A1V
71392,,14.647289,44.4045,5.39,Boo,57.0125,A1V
71453,Toliman,14.660346,-60.8383,1.35,Cen,1.3248,K1V
71456,Rigil Kentaurus,14.660765,-60.833976,-0.01,Cen,1.3248,G2V
71533,,14.678442,13.534325,5.93,Boo,50.813,F0V
71536,,14.678768,16.418324,4.49,Boo,93.7207,B9p MnHg
71557,,14.683721,-36.134858,5.67,Cen,189.7533,Ap Si
71569,,14.68582,13.7283,3.78,Boo,53.8793,A3IVn
71606,,14.694097,8.161764,4.86,Boo,164.7446,G8IIIvar
71611,,14.695423,11.660662,5.55,Boo,123.6094,G8III
71634,,14.698823,-47.3882,2.3,Lup,142.4501,B1.5III
71639,,14.699332,-37.793498,4.01,Cen,103.9501,B2.5V
71682,,14.708492,-64.975138,3.18,Cir,16.57,F1Vp
71731,,14.717673,-5.658207,3.87,Vir,18.2715,F2III
71748,,14.720431,-24.997753,5.7,Lib,152.439,B9.5V
71769,,14.723712,26.52785,4.8,Boo,215.9827,M3III
71783,,14.727624,-35.173655,4.06,Cen,64.2261,K3III
71786,,14.72901,40.459254,5.72,Boo,209.6436,K4III
71878,,14.749778,-35.191826,4.92,Cen,65.703,A0V
71879,Izar,14.749784,27.074222,2.35,Boo,62.1118,A0
71899,,14.754017,16.96428,4.6,Boo,74.5156,K0III
71905,,14.754802,-62.875648,5.36,Cir,48.4496,A7Vn
71928,,14.75839,0.717271,5.68,Vir,151.2859,B9.5V
71971,,14.766691,-25.443181,5.15,Hya,30.2847,F0V + G/K
71982,,14.768319,15.131788,5.78,Boo,247.5248,M5III
71984,,14.768547,-23.153018,5.8,Lib,103.7344,K0III
71994,,14.770812,1.892885,3.73,Vir,41.2371,A0V
72024,,14.774724,-47.441116,5.74,Lup,93.7207,A1V
72064,,14.783694,-52.383518,5.22,Lup,79.6813,G6III
72070,,14.784747,-38.290639,5.9,Cen,153.6098,K3III
72097,,14.789599,-25.624267,5.61,Hya,227.7904,B9IV/V
72131,,14.795779,-26.0875,5.23,Hya,109.7695,G8/K0III
72144,,14.797701,-79.044751,3.83,Aps,136.9863,K5III
72152,,14.799322,-26.646155,5.76,Hya,137.1742,B9.5V
72206,,14.810569,-36.634697,5.89,Cen,157.7287,M5III
72212,,14.812377,-66.593563,5.91,Cir,431.0345,B2.5V
72261,Merga,14.821853,46.116205,5.76,Boo,48.9956,F7IVw
72262,,14.821874,-24.25147,5.68,Lib,310.559,K3III+...
72263,,14.821959,-14.149022,5.32,Lib,72.9395,Ap
72298,,14.828143,48.720804,5.68,Boo,68.5871,F6V+...
72326,,14.832888,28.615832,5.8,Boo,98.4252,A4V
72341,,14.837723,23.911844,5.86,Boo,18.1719,G2V
72345,,14.838147,-27.960371,4.42,Hya,101.5228,K3III
72347,,14.838814,82.511944,5.63,UMi,43.29,F9V
72356,,14.841577,37.272047,5.47,Boo,64.3501,K0III-IV
72377,,14.844773,-15.997237,5.15,Lib,22.9779,F3V
72380,Kochab,14.845105,74.155505,2.07,UMi,40.1445,K4IIIvar
72396,Zubenelgenubi,14.847977,-16.041778,2.75,Lib,23.2396,A3IV
72404,,14.850298,-2.29915,4.93,Lib,67.0241,G8...
72432,,14.856493,19.10046,4.54,Boo,6.7123,G8V + K4V
72437,,14.857362,59.293985,5.48,Dra,138.8889,K4III
72456,,14.860641,-43.575359,4.32,Lup,123.9157,B5IV
72546,,14.876462,-63.809827,5.91,Cir,505.0505,F8II + A/F
72573,,14.880855,-37.80316,5.02,Cen,150.8296,B7II/III
72606,,14.887097,-73.190071,5.59,Aps,101.0101,G5III
72622,,14.889939,19.152798,6.0,Boo,11.5101,K2V
72702,,14.905592,-24.642202,5.27,Lib,127.8772,K2/K3III
72707,,14.906354,-11.898348,5.78,Lib,103.3058,G7III
72732,,14.910532,-33.300575,5.85,Cen,320.5128,K2III
72809,,14.926287,-60.114164,5.18,Cir,49.4315,K1III
72822,,14.929085,-33.855785,5.32,Cen,77.821,A0V
72860,,14.937008,14.446266,5.9,Boo,183.1502,A0V
72868,,14.938123,-52.809548,5.38,Lup,61.5006,A2III
72873,,14.939724,49.628449,5.63,Boo,25.1067,F7V
72884,,14.942239,-47.879198,5.62,Lup,169.2047,B+...
72901,,14.945554,-62.781016,5.08,Cir,462.963,B4Vnp
72906,,14.946142,-11.409701,5.48,Lib,168.3502,K4III
72938,,14.953055,-4.346462,4.47,Lib,26.9034,F0V
72939,,14.953244,16.388128,5.72,Boo,163.1321,G5III:
72957,,14.957765,-21.415475,5.72,Lib,5.8404,K4V
72966,,14.959236,-0.167612,5.51,Vir,89.3655,K1III
72972,,14.959743,65.93246,4.63,UMi,140.8451,M5III
72996,,14.964755,-76.662655,5.37,Aps,114.8106,K4III
73046,,14.975537,-43.13396,2.68,Lup,117.3709,B2III
73056,,14.977572,-27.657314,5.65,Hya,113.1222,A6IV
73083,,14.98155,-11.144014,5.88,Lib,95.057,K3III-IV
73107,,14.986025,-42.104194,3.13,Cen,117.5088,B2IV
73123,,14.989754,4.567761,5.91,Vir,215.0538,M1III
73142,,14.993598,39.265333,5.64,Boo,51.4933,F1III-IV
73188,,15.003147,-77.16055,5.92,Aps,233.6449,G8II
73246,,15.016208,-8.518943,4.91,Lib,90.009,B9.5V
73265,,15.020303,-38.058398,5.88,Cen,119.7605,K2/K3III
73270,,15.022174,-2.754927,5.52,Lib,227.7904,M0III
73280,,15.024195,60.204453,5.91,Dra,105.7082,A4V
73308,,15.030255,-0.140295,5.71,Vir,704.2254,M2III
73312,,15.030754,-83.227646,5.65,Oct,120.7729,G8/K0III
73327,Nekkar,15.032436,40.390566,3.49,Boo,69.0608,G8III
73338,,15.035119,-28.060611,5.83,Hya,101.7294,A4IV
73340,,15.035141,25.008138,4.8,Boo,113.8952,K4III
73392,,15.048344,2.091303,4.39,Vir,59.9161,K0III
73396,,15.049799,-32.643294,5.45,Lup,118.9061,B3V
73406,,15.051683,35.205795,5.52,Boo,85.8369,G8III:
73467,,15.063174,47.65406,4.83,Boo,12.5078,G2V + G2V
73486,Brachium,15.067839,-25.281965,3.25,Lib,88.4173,M3/M4III
73517,,15.074098,26.947649,4.52,Boo,75.4148,K2III
73544,,15.079711,-83.038311,5.65,Oct,598.8024,G8Ib
73548,,15.08003,-64.03135,5.16,Cir,84.6024,G8III
73579,,15.085303,-47.051245,3.91,Lup,135.8696,B5
73598,,15.088656,-41.067236,5.13,Lup,108.2251,G8III
73613,,15.090515,48.150972,5.59,Boo,84.1043,A1V
73681,,15.104638,54.556318,5.24,Boo,78.9266,G8III
73709,,15.109222,-30.918483,5.97,Lup,121.3592,Ap Si
73717,,15.110444,-16.256818,5.19,Lib,213.2196,K5III
73768,,15.121682,24.869195,4.93,Boo,19.5542,F5V
73778,,15.123874,-49.088612,5.77,Lup,103.5197,G8III
73838,,15.136703,-40.58393,5.75,Lup,110.742,B8IV Si
73859,,15.139939,26.301152,5.67,Boo,158.7302,K2III
73868,,15.143212,25.108635,5.82,Boo,143.0615,K1III
73872,,15.144223,-42.867921,5.85,Lup,118.7648,B7V
73889,,15.147394,-45.279857,4.07,Lup,238.0952,B3V
73956,,15.15831,-67.084133,5.76,TrA,100000.0,F8Iab-Ib
73996,,15.168702,-38.792511,5.98,Lup,131.406,G6III
74011,,15.171843,-26.332621,5.75,Lib,130.3781,K0III
74068,,15.185777,-84.787812,5.88,Oct,97.1817,B9.5V
74078,,15.187773,-55.346032,5.45,Lup,662.2517,G2Ib/II
74148,,15.198918,-48.737819,3.88,Lup,55.1876,B9V
74153,,15.199363,-48.743687,5.7,Lup,77.7605,A3IV
74158,,15.201184,18.976031,5.9,Ser,221.7295,M4III
74164,,15.203692,-19.79171,4.54,Lib,116.4144,Asp...
74167,,15.20476,-52.099247,3.41,Lup,35.9712,G8III
74221,,15.213776,-44.500414,4.83,Lup,154.5595,B3IV
74311,,15.231476,-26.193569,5.84,Lib,305.8104,G8/K0II
74333,,15.235011,31.787845,5.98,Boo,203.252,K5
74354,,15.238658,-70.079476,5.75,TrA,359.7122,N0v
74368,,15.241435,29.164295,5.28,Boo,77.3994,A2V
74376,,15.2437,-31.519121,4.91,Lup,598.8024,F3III
74377,,15.243926,67.346722,5.15,UMi,25.3421,F9IV
74421,,15.253154,4.939362,5.32,Ser,114.4165,K0III
74438,,15.258376,33.314833,3.46,Boo,37.3413,G8III
74461,,15.263633,0.372139,5.62,Ser,46.1467,A4V
74468,,15.264907,-48.073661,5.96,Lup,49.8753,A3m
74479,,15.267785,-41.491155,5.15,Lup,540.5405,F:+...
74503,,15.273059,-22.399416,5.52,Lib,144.7178,K2III
74521,,15.276859,-60.903996,5.74,Cir,515.4639,B0.5V
74549,,15.282471,-60.957255,5.04,Cir,100000.0,O8.5V
74556,Zubeneschamali,15.283449,-9.382917,2.61,Lib,56.7537,B8V
74564,,15.284968,71.823901,5.02,UMi,122.1001,K4III
74595,,15.291917,-58.801208,4.07,Cir,30.553,A3V
74608,,15.294136,-63.610465,4.85,Cir,125.0,K2.5III
74628,,15.297178,-30.148673,4.35,Lup,99.9001,K1II/III
74667,,15.306807,20.572778,5.68,Ser,109.2896,G5IV
74672,,15.307257,-0.461234,5.88,Ser,222.7171,K5III
74682,,15.308897,-47.875272,4.27,Lup,102.8807,B8V
74712,,15.313651,-60.496334,5.43,Cir,100000.0,O7Iab:
74717,,15.315181,-68.679545,2.87,TrA,56.3698,A1V
74721,,15.315661,-40.788222,5.59,Lup,167.7852,B9V
74746,,15.321888,1.765408,5.04,Ser,25.3807,F8III-IV
74814,,15.334763,51.958515,5.65,Boo,67.659,A4V
74820,,15.335714,29.616209,5.51,CrB,82.7815,K0III
74868,Pherkad,15.345483,71.834016,3.0,UMi,149.2537,A3II-III
74890,,15.350554,0.715337,5.35,Ser,73.3676,K3III
74898,,15.352114,-5.824853,5.54,Lib,92.6784,K1III
74912,,15.356201,-40.647518,3.22,Lup,271.0027,B1.5IV
74948,,15.36344,-36.261376,3.57,Lup,84.317,K5III
74949,,15.363495,32.933695,5.38,Boo,80.3213,B9Vn
74952,,15.363507,-48.317628,5.65,Lup,14.8126,G2V
74977,,15.368975,-47.927792,4.99,Lup,35.8551,F8V
75027,,15.377014,62.047076,5.99,Dra,136.9863,A0sp...
75028,,15.377048,39.581463,5.56,Boo,595.2381,K4III
75031,,15.377341,63.341439,5.72,Dra,112.8668,K4III
75035,,15.378021,-44.689622,3.37,Lup,156.9859,B2IV-V
75075,,15.385931,-36.858489,4.54,Lup,159.2357,B4V
75079,,15.386265,-60.657176,5.65,Cir,40.3388,F7V
75083,,15.38675,30.287812,4.99,CrB,17.8635,G2V
75094,,15.389625,-59.320787,4.48,Cir,137.5516,B5III + F8
75123,,15.397844,-12.369501,5.72,Lib,172.4138,G8III
75150,,15.403303,-10.322266,4.92,Lib,31.2305,F5IV
75182,Alkalurops,15.408181,37.377167,4.31,Boo,34.6861,F0V
75209,,15.412504,-39.710268,5.36,Lup,124.6883,Ap...
75229,Edasich,15.415494,58.966065,3.29,Dra,31.027,K2III
75272,,15.422285,-38.73362,4.6,Lup,120.3369,A0V
75301,,15.429832,15.428036,5.16,Ser,211.4165,M1III
75336,,15.437389,-68.309167,5.89,TrA,105.042,K0III
75343,,15.438166,34.335996,5.46,Boo,157.9779,K4III
75418,,15.455037,-36.76756,5.46,Lup,131.2336,B5V
75436,,15.459193,-64.531504,5.71,TrA,209.205,K5/M0III
75466,Nusakan,15.463818,29.105703,3.66,CrB,34.2818,F0p
75467,,15.464287,60.670217,5.9,Dra,195.6947,K5III
75501,,15.470947,-16.716484,5.64,Lib,240.3846,K4III
75532,,15.477288,1.842081,5.15,Ser,39.7456,A8IV
75599,,15.490075,-46.732704,5.26,Lup,335.5705,K4III
75713,,15.511223,-16.609464,5.82,Lib,155.7632,K0III
75742,,15.515488,40.833047,5.04,Boo,257.0694,K5III
75743,,15.515514,64.208693,5.74,Dra,94.6074,K0III-IV
75777,,15.523619,77.349352,5.0,UMi,262.4672,K5III
75782,,15.525228,-73.389591,5.4,Aps,380.2281,B1npe
75811,,15.529718,40.899332,4.98,Boo,119.0476,A5V
75874,,15.543528,-19.67046,5.5,Lib,70.0771,A2IV
75894,,15.548673,-16.852844,5.53,Lib,201.2072,B3V
75895,,15.548829,31.359133,4.14,CrB,115.0748,B6Vnn
75901,,15.549427,-1.186399,5.5,Ser,85.9107,K0III
75975,,15.567143,-40.066432,5.82,Lup,352.1127,M2III
75987,,15.569638,-10.064529,4.61,Lib,28.9268,K1IV
76011,,15.574032,-9.183416,5.16,Lib,122.399,B6IV
76027,,15.577033,-28.046983,5.13,Lib,97.561,K2/K3III
76035,Alphecca,15.578128,26.714693,2.22,CrB,23.0097,A0V
76044,,15.580041,10.538867,3.8,Ser,69.9301,F0IV
76065,,15.585681,-41.166757,2.8,Lup,129.0323,B2IV
76075,,15.587476,39.010067,5.14,CrB,189.7533,M2III
76079,,15.587835,53.922144,5.97,Dra,118.0638,K4III:
76100,Zubenelhakrabi,15.592105,-14.789537,3.91,Lib,50.025,K0III
76137,,15.598126,-44.958389,4.55,Lup,131.2336,B3IVp
76142,,15.599182,54.630567,5.77,Dra,78.3085,A2V
76163,,15.603364,-44.396823,5.44,Lup,166.9449,M0III
76190,,15.608121,16.119085,5.93,Ser,52.0562,F3V
76191,,15.608216,10.010176,5.26,Ser,70.8717,K0p
76206,,15.612,-66.317037,4.11,TrA,61.8429,K0III
76235,,15.61707,-28.135079,3.6,Lib,68.5871,K3III
76274,,15.625562,54.508733,5.85,Dra,109.1703,K1III:
76284,,15.62755,69.283344,5.65,UMi,235.2941,M0III
76297,,15.630011,-23.141698,5.79,Lib,84.246,K0III
76299,,15.630441,40.353433,5.25,Boo,52.0291,G8III-IV
76317,,15.634232,-42.567348,4.34,Lup,67.0241,K4.5III
76333,,15.637833,46.797751,5.76,Boo,35.7015,F2V
76334,,15.637855,-21.016327,5.82,Lib,87.3362,K0III
76359,,15.642833,50.423283,5.84,Boo,115.4734,G8III
76365,,15.64427,-29.777754,3.66,Lib,112.4859,B2.5V
76383,,15.647079,-52.372695,5.43,Nor,125.3133,B9V
76392,,15.648488,-19.301892,5.36,Lib,95.4198,G8III/IV
76433,,15.656299,36.635812,4.64,CrB,145.1379,B7V+...
76469,,15.662772,-34.411926,4.66,Lup,67.3401,G8/K0III
76480,,15.665726,-59.908338,5.95,Nor,30.931,F6V
76506,,15.67136,-23.818078,4.97,Lib,117.2333,K3III
76514,,15.672598,-73.446685,5.64,Aps,239.2344,B8IV
76574,,15.683083,16.024588,6.0,Ser,185.8736,G8III
76593,,15.686505,-44.661205,4.64,Lup,17.4368,F5IV-V
76616,,15.692516,19.670401,4.51,Ser,58.2751,A1V
76630,,15.696504,12.847528,5.34,Ser,67.3854,A0p Sr
76641,,15.698527,-76.081959,5.95,Aps,129.199,B9V
76642,,15.698532,18.464037,5.8,Ser,53.0786,A2m
76644,,15.699111,-19.678828,4.75,Lib,94.6074,K5III
76702,,15.710645,-37.424935,5.23,Lup,79.9361,G8/K0III
76709,,15.711395,-34.710407,4.75,Lup,111.4827,B5V
76716,,15.712381,26.295637,3.81,CrB,44.7828,A1Vs
76721,,15.714107,52.360903,5.48,Boo,91.5751,B9p...
76760,,15.721161,-84.465273,5.57,Oct,66.1376,A2V
76812,,15.73314,32.515807,5.57,CrB,74.6269,G9III:
76816,,15.733839,2.515173,5.86,Ser,14.6585,G5V
76819,,15.734299,77.794493,4.29,UMi,113.1222,A3Vn
76824,,15.734556,-15.672834,5.41,Lib,45.7457,A6IV
76835,Unukalhai,15.737798,6.425627,2.63,Ser,22.6757,K2III
76850,,15.739633,-41.819089,5.93,Lup,143.8849,A0V + B
76927,,15.756523,5.447315,5.57,Ser,113.3787,A1V
76991,,15.768233,-1.804193,5.39,Ser,137.931,B8III
76997,,15.769793,15.421826,3.65,Ser,47.5511,A3V
77022,,15.77406,7.353073,4.42,Ser,12.1242,G0Vvar
77036,,15.776337,55.474791,5.94,Dra,269.5418,K3III
77041,,15.777772,62.599557,5.19,Dra,87.7193,A2IV
77050,,15.77895,-34.682454,5.61,Lup,117.9245,B8V
77100,,15.788144,14.115348,5.71,Ser,76.6871,A3V
77135,,15.793867,55.376627,5.85,Dra,73.8007,A3m
77154,,15.798078,-65.442291,5.54,TrA,111.9821,A5
77176,,15.803696,13.789078,5.98,Ser,144.7178,K2III
77206,,15.80956,28.156749,5.89,CrB,100000.0,C00 (F8pe)
77214,Gudja,15.812327,18.141564,4.09,Ser,117.096,M1III
77228,,15.815777,-3.818513,5.53,Lib,54.0249,A5IV
77276,,15.82657,26.068394,4.59,CrB,52.1376,G5III-IV
77280,,15.827002,-3.430208,3.54,Ser,52.0021,A0V
77305,,15.83264,-48.912408,5.86,Nor,59.5948,A2IV
77326,,15.835304,-53.20977,5.78,Nor,94.518,B8V
77342,,15.838207,2.196509,5.21,Ser,83.8223,G8III
77386,,15.846935,4.47773,3.71,Ser,21.5983,A2m
77398,,15.849316,-33.627165,3.97,Lup,59.8444,B9.5III-IV
77399,,15.849652,-25.751295,4.63,Sco,151.7451,B1.5Vn
77409,,15.851891,-55.055533,5.74,Nor,662.2517,B2II
77420,,15.85387,35.657382,4.79,CrB,30.4971,K0III-IV
77424,,15.854331,-3.090497,5.09,Ser,49.7512,A3Vn
77426,,15.85442,20.977919,4.74,Ser,114.9425,K5III
77442,,15.858736,-47.0608,6.0,Nor,137.741,K1IV
77502,,15.871269,55.826713,5.81,Dra,102.8807,G8III:
77524,,15.877903,42.451518,4.6,Her,15.8932,F9V
77575,,15.888905,-20.16704,5.04,Lib,94.8767,B3V
77604,,15.893533,-25.327142,4.59,Sco,154.0832,B2.5Vn
77617,,15.897093,-16.729293,4.13,Lib,51.6529,K0III
77622,,15.89831,-24.533157,5.38,Sco,128.866,B5V
77623,,15.898851,-23.978094,5.41,Sco,130.8901,B2V
77666,,15.909615,20.310968,5.45,Ser,156.4945,M0III
77671,,15.910516,43.138567,5.35,Her,200.4008,M3III
77673,,15.910981,-25.243741,5.87,Sco,157.9779,B8III/IV
77703,,15.916768,-19.382926,5.95,Lib,236.4066,B2/B3V
77716,,15.919083,-63.430727,2.83,TrA,12.3778,F2III
77746,,15.924891,-68.603001,5.11,TrA,370.3704,G6VII
77748,,15.925023,-26.265993,5.63,Sco,125.1564,A3V
77750,,15.925166,42.566193,5.73,Her,164.4737,B9p
77754,,15.925665,-60.177647,5.78,Nor,51.2558,Amvar
77776,,15.929884,37.946958,5.43,CrB,41.5628,F0IV
77808,,15.934982,-60.482477,5.76,TrA,66.0066,A3V
77836,,15.940882,15.661617,3.85,Ser,11.2537,F6V
77868,Iklil,15.948077,-29.214073,3.87,Sco,144.7178,B2IV/V
77869,,15.948193,-33.966134,5.14,Lup,42.3729,A3V
77870,,15.948366,-33.964281,5.59,Lup,46.0617,B9V
77896,,15.954048,14.41448,5.54,Ser,73.9645,K1IV
77906,,15.955924,-36.185344,5.78,Lup,242.7184,K0/K1III+..
77923,,15.959794,26.87788,4.14,CrB,67.8887,K3III
77932,,15.96124,-20.98308,5.84,Sco,141.2429,B3V
77944,,15.963196,54.749762,4.96,Dra,33.5796,F0IV
77971,,15.969825,-14.279358,4.95,Lib,143.472,B8Ia/Iab
78010,,15.976352,-24.831488,5.43,Sco,170.3578,B5V
78029,Fang,15.980865,-26.114105,2.89,Sco,179.5332,B1V + B2V
78040,,15.982697,36.643773,5.61,CrB,234.192,K5III
78043,,15.982821,-65.037585,5.74,TrA,272.4796,B7III
78087,,15.991743,-41.744436,4.99,Lup,133.6898,G8III
78148,,16.002036,-38.396706,3.42,Lup,135.5014,B2.5IV
78164,,16.005447,-16.53335,5.47,Lib,35.2113,F7V
78165,Dschubba,16.005557,-22.62171,2.29,Sco,150.6024,B0.2IV
78199,,16.013231,-8.411353,5.53,Lib,150.1502,A0Vs
78205,,16.014204,4.427363,5.82,Ser,75.0751,K0III:
78223,,16.017412,33.303509,5.39,CrB,17.2354,G2V
78244,,16.020644,17.818397,5.1,Her,76.9231,G8III
78256,,16.024047,29.851061,4.98,CrB,95.6023,A0p...
78290,,16.031532,58.565251,4.01,Dra,21.0349,F8IV-V
78304,,16.034877,52.915917,5.93,Dra,248.7562,K5III
78316,,16.038248,22.804454,4.82,Ser,54.8847,A3V
78354,,16.046634,46.036705,4.72,Her,113.8952,B9III
78400,,16.053579,-49.229695,4.65,Nor,67.2948,G8III
78410,,16.055379,36.631787,5.79,CrB,200.8032,A2V+...
78411,,16.05573,-25.86524,4.96,Sco,63.6537,K3III
78416,,16.05672,-38.602541,4.9,Lup,122.549,B6III/IV
78422,,16.058718,76.793939,5.73,UMi,157.4803,A3V
78423,,16.058931,-57.775064,4.63,Nor,39.3856,A7IV
78426,,16.059545,-32.000538,6.0,Lup,55.2181,F5IV/V
78507,,16.076899,-37.862951,5.91,Lup,37.8788,F3V
78580,Acrab,16.09062,-19.805453,2.56,Sco,123.9157,B0.5V
78581,Acrab B,16.09071,-19.80186,4.9,Sco,122.1001,B2V
78628,,16.098851,-72.400898,5.7,Aps,89.2061,K1IIICNII
78637,,16.101772,-23.606315,5.9,Sco,161.2903,B8V
78653,,16.105475,67.810134,5.44,Dra,77.821,A0Vn
78673,,16.108176,-45.173185,4.73,Nor,37.5094,Am
78678,,16.109874,-36.802288,4.22,Lup,127.0648,B2.5Vn
78693,,16.113452,-20.669192,3.93,Sco,144.5087,B1V
78730,,16.121168,-36.755676,5.72,Lup,54.7945,F0/F2V
78750,,16.123424,-20.868764,4.31,Sco,89.1266,G6/G8III
78766,,16.126782,-12.74541,5.75,Sco,112.3596,B9V
78767,,16.127094,9.891743,5.63,Ser,99.0099,A7V
78804,Marsic,16.134591,17.04698,5.0,Her,112.7396,G8III
78810,,16.135439,-26.326679,5.35,Sco,146.8429,M2III
78832,,16.141132,8.53431,5.69,Ser,247.5248,M3.5IIIa
78858,,16.145478,-23.685416,5.86,Sco,136.0544,B9V
78861,,16.146162,44.934906,4.23,Her,62.5391,B9MNp...
78879,,16.149529,36.490944,4.73,CrB,35.7782,K0III-IV
78880,,16.149689,3.454475,5.93,Ser,121.5067,K5III
78897,,16.153115,6.378695,5.93,Ser,28.3126,K1+...
78913,,16.155154,-57.934318,5.57,Nor,85.8369,B9V
78955,,16.164033,-3.466729,5.39,Ser,146.8429,K4III
78959,,16.164609,-33.545805,5.5,Sco,125.0,B8V
79040,,16.180424,75.877563,5.48,UMi,189.3939,B8V
79062,,16.18391,-29.41622,5.09,Sco,97.4659,K0III
79080,,16.188256,-41.119803,5.86,Sco,64.7249,F0IV
79109,,16.193899,23.494801,5.74,Her,209.205,M4IIIa
79117,,16.196556,42.374569,5.89,Her,193.7984,K4II+...
79118,,16.196682,36.425094,5.62,CrB,207.0393,K3III SB
79134,Jabbah,16.199926,-19.460708,4.0,Sco,145.3488,B2IV
79135,,16.199997,-10.064253,4.93,Sco,47.7099,A3IV
79147,,16.202032,-8.547576,5.43,Sco,77.3994,A4V
79159,,16.204456,-28.417305,5.67,Sco,93.0233,B9V
79164,,16.205057,-27.926372,4.58,Sco,146.8429,B2V
79248,,16.220953,5.021086,5.46,Her,121.8027,K5III
79257,,16.222984,-55.540947,5.78,Nor,66.7557,F2III
79270,,16.224648,-54.630467,4.95,Nor,131.2336,G4III
79300,,16.230807,-11.837747,5.24,Sco,116.0093,K3III
79352,Yed Prior,16.239094,-3.694323,2.73,Oph,52.4659,M1III
79355,,16.239546,-33.011088,5.91,Sco,174.5201,K0III
79366,,16.24469,33.858613,5.23,CrB,21.0793,F8V
79412,,16.254257,-47.372021,5.13,Nor,118.2033,B8V
79423,,16.257297,-63.685682,3.86,TrA,186.2197,G5II
79425,,16.257955,18.808087,5.72,Her,106.6098,K3III
79431,,16.260352,-8.369442,5.49,Sco,13.9005,G1V
79448,,16.263834,-57.91235,5.61,Nor,129.7017,A5III
79512,,16.278687,-53.811109,5.45,Nor,237.5297,M2IV
79516,,16.279107,29.150261,5.8,CrB,204.499,A3V
79548,,16.283593,-50.068122,4.97,Nor,450.4505,F9Ia
79555,,16.284849,-67.941285,5.95,TrA,52.2193,A4V
79562,,16.287595,59.755023,5.37,Dra,226.7574,M4IIIa
79580,,16.291791,75.75533,4.95,UMi,29.7354,F5V
79639,,16.304973,-28.61402,4.8,Sco,41.2882,A0V:
79640,Yed Posterior,16.305358,-4.692511,3.23,Oph,32.6371,G8III
79696,,16.316783,-14.872825,5.97,Sco,325.7329,K3IIICNpvar
79711,,16.319783,49.038159,5.93,Her,196.0784,K6III
79721,,16.321568,-42.673965,5.44,Nor,106.9519,A3Vn
79738,,16.325758,-30.906716,5.53,Sco,48.2625,F5IV
79750,,16.329011,46.313366,3.91,Her,94.2507,B5IV
79759,,16.330687,-50.155508,4.01,Nor,39.4789,G8III
79766,,16.33199,39.708584,5.48,Her,26.3783,F3IV-V
79805,,16.339119,-78.695745,4.68,Aps,233.6449,M5III
79812,,16.340345,-55.139706,5.76,Nor,102.3541,G6III
79815,,16.340795,-78.667496,5.27,Aps,187.9699,K3III
79837,,16.343939,-24.16932,4.55,Sco,269.5418,A4II/III
79870,Alniyat,16.353143,-25.592796,2.9,Sco,213.6752,B1III
79919,,16.363536,69.109391,5.26,Dra,89.9281,K2III
79928,,16.365338,19.15313,3.74,Her,59.0667,A9III
79938,,16.367875,1.029039,4.82,Ser,27.2702,F0V
79939,,16.368287,30.891996,4.86,CrB,56.243,K0III
79955,,16.372618,33.799052,5.2,CrB,196.4637,M2III
79966,,16.374444,-49.572354,5.32,Nor,141.844,B6IV
79970,,16.374741,-43.912051,5.89,Nor,289.0173,G2Ib
79973,,16.374783,33.703478,5.4,CrB,182.1494,K5III
80069,,16.396437,61.696461,5.67,Dra,155.2795,G8III
80089,Athebyne,16.39986,61.514213,2.73,Dra,28.2326,G8III
80095,,16.400355,-39.19298,5.37,Sco,12.7779,G3/G5V
80101,,16.401718,-20.037327,4.48,Oph,61.1621,K0III
80109,,16.403008,6.948207,5.83,Her,112.3596,A2sp...
80133,,16.407037,55.205096,5.75,Dra,119.9041,A2svar...
80148,,16.408821,-37.566044,5.42,Sco,129.0323,B8V
80157,,16.411046,-29.704663,5.4,Sco,33.0907,G0
80217,,16.42338,37.394079,5.53,Her,74.4602,A5V
80221,Cujam,16.423598,14.03327,4.57,Her,76.6871,B9p Cr
80232,,16.426422,-23.447178,4.57,Oph,110.742,B2V
80238,,16.42874,78.963854,5.55,UMi,42.8816,F0V
80327,,16.450399,-18.456251,4.22,Oph,161.0306,B2Vne
80339,,16.453067,-47.554786,4.46,Nor,162.6016,B4V
80377,,16.462071,-7.597929,5.24,Oph,176.9912,M2 comp
80385,,16.463385,-8.371731,4.62,Oph,40.95,A3m
80402,,16.465918,-64.057942,5.28,TrA,38.8048,F4IV
80406,,16.4664,68.768137,4.94,Dra,149.2537,A0III
80428,,16.470685,-37.179881,5.79,Sco,110.3753,K1IIICN...
80431,,16.470881,-58.599795,5.67,Nor,411.5226,B9III
80442,,16.474422,-70.084401,4.9,TrA,12.1168,F9V
80449,,16.476106,0.665002,5.41,Oph,124.8439,K4IIIp
80460,,16.477373,41.881677,4.83,Her,108.5776,M6III:var
80519,Antares,16.490128,-26.432002,1.06,Sco,169.7793,M1Ib + B2.5V
80538,,16.495091,-46.243229,5.35,Nor,558.6592,B1.5Iap
80549,,16.496367,-14.550879,5.66,Oph,91.3242,G5III/IV
80570,,16.503466,-25.115224,4.79,Sco,126.7427,B3V
80571,Kornephoros,16.503668,21.489613,2.78,Her,42.6621,G8III
80598,,16.50932,20.479188,5.24,Her,192.6782,G8p
80629,,16.513713,-61.633503,5.19,TrA,240.9639,K0II/IIICN.
80637,Marfik,16.515229,1.983923,3.82,Oph,53.0786,A2V
80648,,16.518991,-16.612733,4.29,Oph,74.6826,G8/K0III
80652,,16.520398,22.195458,5.76,Her,257.732,K5III
80665,,16.523037,-34.704366,4.24,Sco,170.068,B2III-IV
80699,,16.528269,-41.817145,5.31,Sco,833.3333,B1Ia
80707,,16.529786,45.598281,5.61,Her,69.3001,A4Vn
80729,,16.535611,-21.46639,4.45,Oph,51.7063,Ap
80744,,16.540463,60.823323,5.92,Dra,113.7656,A2V
80761,,16.543246,5.52122,5.63,Her,118.3432,B9.5III
80762,,16.543415,11.488041,4.84,Her,107.6426,K4III
80819,,16.557609,-78.897148,3.86,Aps,47.9157,K0IV SB
80876,,16.568061,-44.045315,4.86,Nor,100000.0,B0Ia
80880,,16.568384,42.437041,4.2,Her,96.5251,B9Vvar
80895,,16.572044,-70.988097,5.5,Aps,248.139,K1IIICN...
81006,,16.595775,-65.495399,5.5,TrA,104.9318,G8/K0III
81020,Paikauhale,16.598043,-28.216016,2.82,Sco,145.3488,B0V
81043,,16.603113,46.613333,5.83,Her,306.7485,G8II
81044,,16.603174,52.900048,5.53,Dra,130.8901,B9.5Vn
81046,,16.603812,52.924422,5.07,Dra,126.4223,B9V
81054,,16.605958,-2.324584,5.77,Oph,9.7513,K2V
81058,,16.606242,-35.255326,4.18,Sco,105.042,K5III
81059,,16.606268,-42.858861,5.46,Sco,416.6667,O9Ia
81130,,16.619316,-10.56709,2.54,Oph,112.2334,O9.5V
81189,,16.633462,56.01554,5.28,Dra,83.0565,K1III
81224,,16.640637,-43.398426,5.83,Sco,192.3077,B2.5IV
81249,,16.645794,48.928342,4.86,Her,127.0648,M2.5III
81275,,16.651452,-37.21737,5.93,Sco,112.1076,B9.5V+...
81392,,16.677413,4.219789,5.77,Her,90.009,A1V
81411,,16.681978,64.589046,4.84,Dra,225.7336,K1p
81444,,16.688113,31.602726,2.81,Her,10.7158,F9IV
81452,,16.689004,-48.762957,5.57,Ara,100000.0,O5
81460,,16.689756,-68.296123,5.89,TrA,202.8398,B7IV
81474,,16.692884,-17.742167,4.91,Oph,126.4223,G8II/III
81479,,16.693527,26.91688,5.92,Her,43.7445,F2III
81483,,16.694507,-49.651552,5.62,Ara,671.1409,B1II
81484,,16.695134,1.181231,5.74,Oph,55.5864,F2.7III-IV
81491,,16.695961,-33.145759,5.84,Sco,86.881,G1II
81504,,16.698247,-19.924377,5.55,Oph,42.0521,F3V
81583,,16.714933,38.922254,3.48,Her,33.3111,G8III-IV
81602,,16.718126,-77.517435,4.23,Aps,48.1232,K0III
81604,,16.71838,77.513973,5.99,UMi,36.1011,F4V
81716,,16.744374,-53.152313,5.96,Ara,223.2143,G8III
81722,,16.745165,-40.839675,5.64,Sco,163.6661,B3V
81742,,16.750053,-28.509657,5.99,Sco,216.9197,A3IV
81770,,16.754946,56.781857,4.84,Dra,26.1097,F2V
81777,,16.756255,15.745289,5.6,Her,139.0821,M3III
81823,,16.763859,8.582616,5.15,Her,108.5776,K5III
81830,,16.766159,82.037262,4.21,UMi,93.1966,G5IIIvar
81859,,16.772563,-58.503595,5.74,Ara,302.1148,B2IV-V
81878,,16.777779,-67.109691,5.1,TrA,213.6752,Ap
81884,,16.779989,-39.376962,5.48,Sco,88.2613,K0III
81920,,16.788795,-58.341441,5.55,Ara,826.4463,B0Iab
81921,,16.788818,42.238918,5.86,Her,231.4815,M4IIIa
81965,,16.796227,5.246746,5.22,Her,120.6273,B9p (Cr)
82022,Atria,16.811077,-69.027715,1.91,TrA,119.7605,K2IIb-IIIa
82070,,16.820615,45.983323,4.82,Her,55.2486,A2p...
82099,,16.826294,13.261141,5.91,Her,100.1001,A1V
82112,,16.82976,-59.041378,3.77,Ara,91.7431,K5III
82118,,16.830563,-10.783,4.64,Oph,31.9795,F7IV
82144,Larawag,16.83608,-34.293232,2.29,Sco,19.5351,K2IIIb
82151,,16.838717,7.247683,5.48,Her,54.407,A3m
82171,,16.844155,29.806538,5.73,Her,327.8689,M1III
82229,,16.856925,1.215947,5.51,Oph,116.144,A2Vs
82242,,16.859367,-41.230534,5.23,Sco,100000.0,O9e
82253,,16.862573,24.656433,5.03,Her,214.1328,K2II-III
82263,Xamidimura,16.864509,-38.04738,3.0,Sco,153.6098,B1.5IV + B
82294,Pipirima,16.872263,-38.017536,3.56,Sco,145.3488,B2IV
82336,,16.882796,31.701674,5.34,Her,29.1886,F0V
82360,,16.888213,47.416725,5.99,Her,201.2072,K2III
82369,,16.89034,-20.415555,5.86,Oph,26.9397,G5IV
82398,,16.895119,-43.050968,5.95,Sco,232.0186,M3II/III
82419,,16.899924,-42.362025,4.7,Sco,787.4016,B1Iae
82420,,16.900106,-57.909507,5.91,Ara,217.3913,M0III
82421,,16.900131,10.165359,4.39,Oph,75.188,B8V
82424,,16.90051,-41.806389,5.46,Sco,793.6508,B0.5Ia
82464,,16.907484,-42.478891,5.84,Sco,440.5286,F5Ib-II
82477,,16.909731,-42.361313,3.62,Sco,40.568,K4III
82478,,16.909915,-6.153982,5.23,Oph,73.8007,K2III
82512,,16.915324,20.958488,5.39,Her,82.7815,G8III
82523,,16.916251,-41.150858,5.78,Sco,694.4444,O8Iab+...
82550,,16.922825,18.433213,5.35,Her,120.048,K4III
82554,,16.923523,-63.269659,5.99,Ara,144.0922,A0III
82607,,16.93375,65.134796,4.88,Dra,15.2579,F6Vvar
82648,,16.941328,-52.283746,5.94,Ara,116.144,A0III
82669,,16.946677,-23.150346,5.57,Oph,93.1099,A0V
82704,,16.953104,-33.259492,5.48,Sco,290.6977,K5III
82745,,16.961139,9.375033,3.19,Oph,28.0426,K2IIIvar
82802,,16.971651,-50.641185,5.53,Ara,159.2357,B9IV
82826,,16.977006,-55.990141,3.12,Ara,149.0313,K5III
82895,,16.992771,-69.268164,5.79,TrA,241.5459,Ap Si
82898,,16.993069,-53.160438,4.06,Ara,110.6195,K4III
82921,,16.999363,-25.092198,5.88,Oph,165.8375,M1/M2III
82932,,17.001745,-54.597179,5.64,Ara,51.8135,A3V
82941,,17.002641,-24.98907,5.74,Oph,33.7041,F3V
82952,,17.004827,30.926405,3.92,Her,47.5285,A0V
82961,,17.00749,-48.647759,5.98,Ara,106.8376,G5IV
82980,,17.010275,-35.934133,5.95,Sco,98.5222,K2IIICN...
82999,,17.016149,22.632095,5.69,Her,952.381,K3III
83007,,17.017667,-4.222644,4.82,Oph,124.2236,K4III
83058,,17.026767,33.56827,5.27,Her,98.8142,A3IV
83081,,17.03129,-32.143519,5.03,Sco,137.1742,B8V
83112,,17.038526,25.50562,5.76,Her,95.9693,G7III:
83175,,17.052186,14.091947,4.97,Her,121.0654,M3III
83176,,17.052419,-53.237028,5.27,Ara,27.2257,F6V
83221,,17.060917,13.605346,5.91,Her,76.746,A1V
83234,,17.064146,-38.152572,5.91,Sco,64.6831,F3V
83278,,17.073534,-57.712166,5.73,Ara,174.5201,B5IV
83317,,17.080376,-34.12293,4.83,Sco,100000.0,B2Iab
83344,,17.088005,0.702559,6.0,Oph,20.6654,F9V
83351,,17.088929,54.470042,4.91,Dra,27.4348,F5
83358,,17.089636,12.740828,4.89,Her,40.8664,A4IV
83378,,17.092294,-0.89207,5.63,Oph,342.4658,B1V
83435,,17.105014,22.084153,5.56,Her,104.8218,K4III
83436,,17.105608,-37.22759,5.98,Sco,142.2475,A2IV
83581,,17.133907,35.935174,5.41,Her,54.2594,A5m
83597,,17.13746,-17.609052,5.98,Oph,114.9425,K0III
83638,Aldhibah,17.146448,65.714683,3.17,Dra,100.7049,B6III
83639,,17.146539,-30.40373,5.93,Sco,78.2473,Fm
83690,,17.159238,40.777033,5.07,Her,86.5052,K3III
83705,,17.163319,-10.523301,5.43,Oph,41.3223,F5IV
83755,Sabik,17.172968,-15.72491,2.43,Oph,27.0929,A2.5Va
83776,,17.178425,-44.557719,5.06,Sco,96.8054,G8/K0III+..
83847,,17.194077,-48.873399,5.94,Ara,341.2969,M1/M2III
83885,,17.202552,-43.239189,3.32,Sco,22.5276,F3p
83892,,17.204502,-39.506949,5.66,Sco,62.9327,A0/A1V
83919,,17.207725,10.585168,5.32,Oph,334.4482,M2III
83925,,17.209047,62.874337,5.54,Dra,43.0478,F0IV
83968,,17.216266,-32.438332,5.95,Sco,543.4783,B1Ib
83991,,17.221673,-67.196591,5.87,Ara,100.0,K0III-IV
84086,Rasalgethi,17.244127,14.390333,2.78,Her,110.2536,M5IIvar
84121,Sarin,17.250531,24.839204,3.12,Her,23.0362,A3IVv SB
84122,,17.250788,36.809162,3.16,Her,115.4734,K3IIvar
84143,,17.255346,-33.54842,5.6,Sco,100000.0,O9
84144,,17.255635,-14.58414,5.98,Oph,89.3655,K1III
84147,Guniibuu,17.255836,-26.602829,4.33,Oph,5.9333,K2:III:
84167,,17.259994,-38.593896,5.95,Sco,30.5904,G0V
84173,,17.26152,23.742761,5.99,Her,173.3102,K2III
84242,,17.275477,1.210545,5.89,Oph,200.4008,B5Vnn
84256,,17.276857,-0.445297,4.72,Oph,63.0915,K2III
84293,,17.284349,-32.66284,5.53,Sco,48.3793,F6V
84315,,17.288769,33.1001,4.8,Her,204.0816,B1.5Vp
84348,,17.294517,37.291498,4.64,Her,53.7924,A2V
84368,,17.300189,-24.286901,5.14,Oph,90.4159,K:...
84373,,17.301372,17.317886,6.0,Her,139.6648,A1V
84398,,17.306465,38.811395,5.97,Her,97.0874,G7III:
84413,,17.310275,10.864475,5.03,Oph,151.0574,K4II-III
84432,,17.313287,-44.129746,5.76,Sco,111.4827,B9V
84433,,17.313479,28.822968,5.68,Her,97.0874,K0III
84451,,17.315842,-34.989792,5.91,Sco,6.8357,K4V
84462,,17.317655,-46.636235,5.47,Ara,8.802,M0V
84473,,17.320142,-59.694612,5.93,Ara,763.3588,K2IIICN...
84512,,17.326961,80.136399,5.74,UMi,294.1176,K5III
84563,,17.336065,25.537603,5.36,Her,136.9863,A3III
84575,,17.338575,18.057081,5.01,Her,147.0588,M2III
84577,,17.339203,46.24078,5.51,Her,170.9402,M0III
84604,,17.34432,32.467743,5.38,Her,14.3266,G0V
84622,,17.347128,-12.846875,4.32,Ser,62.3053,A0/A1V
84629,,17.348391,24.499435,5.13,Her,131.0616,A2V
84636,,17.350101,-21.112933,4.39,Oph,17.3551,F2/F3V
84690,,17.362116,39.974649,5.55,Her,73.9645,F9Vn...
84691,,17.3626,53.420428,5.69,Dra,191.2046,K5III
84710,,17.366531,-67.770668,4.76,Aps,91.1577,K1III
84711,,17.366827,-24.999545,3.27,Oph,133.6898,B2IV
84720,,17.368299,-70.123208,5.39,Aps,404.8583,B8/B9Vn...
84789,,17.381874,-37.220786,5.91,Sco,113.1222,K1III
84790,,17.382007,-58.010327,5.86,Ara,335.5705,G8Ib/II
84809,,17.38531,-56.525547,5.76,Ara,121.2121,G8/K0III
84820,,17.387799,-47.468197,5.21,Ara,286.533,B2IIIne
84825,,17.389331,-28.142831,5.3,Oph,251.2563,K4/K5III
84853,,17.394708,37.145946,4.15,Her,120.6273,B9.5III
84879,,17.399338,8.852571,5.77,Oph,221.7295,K1III
84888,,17.400299,-62.864153,5.69,Ara,444.4444,B2IV
84898,,17.40183,22.960285,5.7,Her,42.6985,F0IV
84903,,17.403636,-44.162576,5.1,Sco,226.2443,B7III
84910,,17.405221,-60.673799,5.76,Ara,272.4796,B8Ib/II
84926,,17.40876,16.301006,5.75,Her,125.0,A3V
84948,,17.411675,-21.441479,5.82,Oph,92.5069,K0III
84999,,17.421665,-55.529884,2.84,Ara,198.0198,K3Ib-II
85008,,17.423239,-56.377727,3.31,Ara,341.2969,B1Ib
85031,,17.428155,60.048398,5.65,Dra,96.8992,A1Vn
85053,,17.433344,-50.63351,5.19,Ara,139.6648,K1III
85081,,17.439504,-24.175309,4.16,Oph,25.4972,A3IV:m
85096,,17.441911,4.14036,4.34,Oph,276.2431,K3IIvar
85106,,17.443856,-5.086596,4.53,Oph,30.0752,F3V
85120,,17.445623,48.260065,5.83,Her,115.2074,A4V
85123,,17.446153,34.695802,5.94,Her,88.4173,A0V
85126,,17.44698,20.080977,5.52,Her,178.8909,B5V
85130,,17.447772,-45.84303,5.28,Ara,194.9318,B8V
85150,,17.453462,-50.63037,5.9,Ara,909.0909,B9II
85164,,17.455909,-29.867033,4.28,Oph,34.2114,F3III
85183,,17.460431,-29.724567,5.98,Oph,226.2443,B9.5IV
85211,,17.466002,-52.297168,5.72,Ara,109.6491,K2III
85262,,17.477476,-55.169686,5.93,Ara,302.1148,G8II/III
85278,,17.48046,0.330625,5.41,Oph,59.6303,A8V
85284,,17.482247,-36.77828,5.98,Sco,245.098,K0III
85407,,17.50661,-1.062922,5.31,Oph,16.3425,G8IV-V
85410,Rastaban,17.507213,52.301387,2.79,Dra,116.5501,G2II
85433,Maasym,17.512308,26.110645,4.41,Her,113.2503,K3IIIvar
85436,Lesath,17.512732,-37.295811,2.7,Sco,176.6784,B2IV
85439,,17.513056,86.968047,5.78,UMi,46.8823,A2m
85455,,17.515381,31.158139,5.63,Her,120.919,G8III
85467,,17.518318,-60.683848,3.6,Ara,60.6796,B8V
85489,,17.522593,2.724507,5.57,Oph,111.6071,G8III
85491,,17.523134,-56.920964,5.99,Ara,561.7978,B7II/III
85494,,17.523598,-23.962643,4.78,Oph,124.3781,A0V
85499,,17.524298,-80.859134,5.83,Aps,271.0027,M3III
85528,,17.530439,28.407499,5.66,Her,82.0345,A1V
85530,,17.530695,-49.876145,2.84,Ara,81.9672,B2Vne
85544,,17.532745,68.135024,5.07,Dra,64.6831,K0III
85557,,17.536251,55.184243,4.89,Dra,30.248,Am...
85560,Yildun,17.536918,86.58646,4.35,UMi,52.7704,A1Vn
85567,,17.537767,55.172958,4.86,Dra,30.4878,Am
85626,,17.55202,41.243449,5.72,Her,99.5025,K1III:
85627,,17.552052,-41.173066,5.84,Sco,465.1163,B9Ib/II
85650,,17.55634,19.256677,5.65,Her,37.6506,F6V
85660,,17.55829,-5.744803,5.61,Oph,48.1,A5V
85665,Shaula,17.560145,-37.103821,1.62,Sco,175.1313,B1.5IV+...
85668,,17.560941,16.317553,5.68,Her,92.9368,K0III:
85736,,17.57686,9.5867,5.8,Oph,103.5197,A2V
85749,,17.57847,-32.581662,5.69,Sco,100000.0,O5/6(e)
85757,,17.579542,-11.241999,5.54,Ser,123.3046,B8Vn
85769,Rasalhague,17.582241,12.560035,2.08,Oph,14.8965,A5III
85773,,17.58317,61.874554,5.23,Dra,14.1904,G0V
85829,,17.594332,-46.505684,4.56,Ara,116.0093,A0V
85907,,17.609121,-38.635308,4.26,Sco,50.8388,G8/K0III/IV
85919,,17.610457,48.585634,5.35,Her,108.3424,K1III
85939,,17.615859,68.75797,4.77,Dra,23.1642,F5V
85956,,17.619125,72.455794,5.87,Dra,111.2347,G9III
85965,Sargas,17.62198,-42.997824,1.86,Sco,92.081,F1II
85984,,17.624253,-50.059702,5.89,Ara,101.833,K0III-IV
85991,,17.625304,24.309991,5.76,Her,76.6871,A2Vn
85998,,17.626445,-15.398557,3.54,Ser,32.2789,F0IIIp
86001,,17.626724,-15.571038,5.94,Ser,473.9336,F0IV
86019,,17.630754,-8.118771,4.58,Oph,231.4815,B8II-IIIMNp
86040,,17.634871,-54.500434,5.25,Ara,44.5633,A7V
86048,,17.635973,-10.926268,5.74,Ser,117.7856,K0III
86148,,17.657747,46.006332,3.82,Her,139.47,B3V SB
86219,,17.673276,-49.415587,4.76,Ara,21.45,F3IV
86285,,17.687844,-46.92183,5.78,Ara,245.7002,A0V
86294,,17.689386,51.818182,6.0,Dra,92.9368,K0III:
86298,,17.690243,-12.875307,4.24,Ser,53.1067,A2Va
86309,,17.692312,6.313156,5.97,Oph,346.0208,G7III
86347,Dziban,17.698978,72.148843,4.57,Dra,22.8363,F5IV-V
86353,Dziban B,17.699461,72.156911,5.81,Dra,23.0627,G0V
86356,,17.699621,15.95243,5.54,Her,34.8554,F4Vw
86400,,17.707879,24.564058,5.56,Her,124.3781,K4III
86403,,17.708132,-39.029983,2.39,Sco,148.1481,B1.5III
86431,,17.714194,-36.945564,5.53,Sco,211.4165,K5III
86464,,17.722659,24.327821,5.73,Her,39.0625,G2IIIb
86469,,17.723833,-21.683194,4.86,Oph,17.6523,F6/F7V
86475,Cebalrai,17.724543,4.567303,2.76,Oph,25.0941,K2III
86515,Alruba,17.733103,53.801715,5.75,Dra,163.3987,A2V
86529,Cervantes,17.735752,-51.834053,5.12,Ara,15.5111,G5V
86580,,17.745002,-42.729302,5.87,Sco,72.0981,A2/A3IV/V
86604,,17.748848,-57.54554,5.97,Pav,125.9446,G8III
86661,,17.762221,-64.723871,3.61,Pav,107.9914,K1III
86705,,17.774319,27.720676,3.42,Her,8.3105,G5IV
86775,,17.785568,17.697014,5.61,Her,143.0615,A1V
86803,,17.792674,-27.830788,4.53,Sgr,302.1148,F7II
86804,,17.793078,-40.126997,2.99,Sco,591.716,F3Ia
86805,,17.79355,-14.725824,5.93,Ser,183.8235,B9V
86839,,17.798211,2.707276,3.75,Oph,31.5159,A0V
86889,,17.80688,20.565441,5.69,Her,79.4913,G5IV
86924,,17.813652,25.622869,5.09,Her,64.9773,K2III
86942,,17.817862,50.781075,5.02,Dra,66.5336,A2V
86950,,17.819577,-31.703203,4.79,Sco,170.6485,B8Ib/II
86964,,17.824155,76.962881,5.02,Dra,31.7561,F6IV-Vs
86991,Fuyue,17.830965,-37.043304,3.19,Sco,38.5802,K0/K1III
87024,,17.83642,-40.090435,4.78,Sco,781.25,A6Ib
87038,,17.839692,29.322143,5.51,Her,77.7605,K1III
87044,,17.84122,-53.612406,5.68,Ara,303.0303,B2V + B3V
87119,,17.85904,-40.772461,5.94,Sco,173.3102,M2III
87122,,17.859853,-60.164056,5.78,Pav,123.1527,K0III
87189,,17.870461,-34.799196,5.88,Sco,258.3979,B6Ib
87201,,17.872156,-34.416842,5.84,Sco,242.7184,G8/K0III
87220,,17.876512,1.305014,5.91,Oph,112.7396,K5III
87287,,17.887274,6.101424,5.77,Oph,31.1236,F4IV-V
87292,,17.888341,40.007959,5.17,Her,108.4599,K3III
87298,,17.889853,-34.895125,5.58,Sco,252.5253,K3III
87314,Grumium,17.892134,56.872643,3.73,Dra,34.5066,K2III
87345,,17.898548,-34.752721,6.0,Sco,315.4574,B9IV/V
87457,,17.919762,72.005127,5.43,Dra,323.6246,F2.5II-III
87477,,17.923663,26.049991,5.47,Her,100000.0,F2Iavar
87506,,17.930781,22.464221,5.62,Her,133.3333,K3III
87537,,17.93755,37.250539,3.86,Her,230.9469,K1IIvar
87541,,17.938445,0.670355,5.82,Oph,416.6667,B2IV-V
87542,,17.938621,-15.812521,5.93,Ser,73.9645,A0V
87561,Eltanin,17.943437,51.488895,2.24,Dra,47.3037,K5III
87564,,17.944955,-28.065394,5.76,Sgr,51.3084,A7III/IV
87574,,17.946507,-44.342246,4.85,Sco,88.8889,K2III
87575,,17.946596,-4.081823,5.44,Oph,122.6994,G9III
87603,,17.951199,0.066665,5.95,Oph,118.4834,A3V
87661,,17.962744,29.24788,3.7,Her,41.9463,K0III
87664,,17.963279,-41.716295,4.88,Sco,138.5042,M0III
87726,,17.975041,30.189277,4.41,Her,263.8522,F2II
87740,,17.977514,-28.759089,5.99,Sgr,555.5556,B3II/III
87766,,17.982135,-36.858376,5.74,Sgr,121.8027,G8III
87775,,17.983775,-9.773632,3.32,Oph,46.2107,K0III
87788,,17.9848,-30.253025,5.0,Sgr,310.559,K5/M0III
87829,,17.993545,-4.821126,5.86,Oph,171.8213,K5III
87844,,17.996543,-23.816133,4.74,Sgr,127.3885,B9V
87850,,17.998946,45.501378,5.69,Her,175.4386,M0III
87856,,18.000949,16.750919,4.67,Her,205.7613,K0II-III
87864,,18.002526,80.004095,5.74,Dra,63.5324,K2Vvar
87877,,18.004388,4.368615,4.79,Oph,199.6008,B2Ve
87902,,18.008058,-3.690269,4.62,Ser,23.5516,F3V
87920,,18.010754,2.931568,3.93,Oph,377.3585,B5Ib
87994,,18.025113,21.595782,4.26,Her,127.8772,G5
88018,,18.029222,1.305076,4.42,Oph,89.6861,A2Vn
88025,,18.031772,-22.780298,5.72,Sgr,100000.0,B0Iab...
88057,,18.039736,20.833632,5.25,Her,288.1844,B3IV
88107,,18.047527,-24.282468,5.37,Sgr,331.1258,F2/F3II/III
88131,,18.051367,-8.180349,4.77,Oph,51.3347,F5V+...
88195,,18.064568,-24.36073,5.89,Sgr,100000.0,O6
88276,,18.080662,-35.901442,5.98,Sgr,105.5966,K2III
88293,,18.083674,-29.580087,4.66,Sgr,266.6667,G0Ib/II
88327,,18.090913,2.500099,4.03,Oph,5.0834,K0V SB
88361,Alnasl,18.096803,-30.424091,2.98,Sgr,29.7,K0III
88362,,18.097114,32.230674,5.72,Her,212.3142,K0III
88382,,18.100528,22.218879,4.96,Her,226.2443,M3IIIa+...
88395,,18.102055,-8.323956,5.84,Ser,158.7302,B8III-IV
88409,,18.104221,-4.751252,5.74,Ser,36.7647,K1IV
88419,,18.106585,-36.019788,5.94,Sgr,17.5531,G3V
88439,,18.11052,-50.091477,3.65,Ara,249.3766,B2Ib
88451,,18.113858,-43.425216,4.92,CrA,41.841,A5V
88469,,18.117097,30.56214,5.05,Her,15.6421,F7V
88488,,18.121767,8.733867,4.64,Oph,83.612,G8III-IV
88494,,18.122496,9.563847,3.71,Oph,26.6312,A4IVs
88512,,18.12465,43.461891,5.0,Her,125.6281,G8III...
88517,,18.125708,28.762488,3.84,Her,103.6269,B9.5V
88539,,18.130095,-17.154159,5.52,Sgr,77.101,K0III
88540,,18.130417,26.09734,5.79,Her,38.5802,A3V
88541,,18.130434,26.10128,5.83,Her,49.6032,A3V
88559,,18.133959,36.401264,5.49,Her,63.6132,K2III
88562,,18.134716,-28.457093,4.55,Sgr,103.9501,K0IIICNpvar
88589,,18.143,-63.668553,4.33,Pav,39.8565,Am
88610,,18.14597,20.814557,4.37,Her,280.8989,B2IV
88621,,18.148018,20.045233,5.1,Her,100.8065,A8III
88687,,18.159415,3.993276,5.71,Oph,54.7945,F2V
88723,,18.165004,3.119827,5.67,Oph,46.9263,F5V
88731,,18.166387,36.466284,5.57,Her,120.7729,G8III
88745,,18.168281,-30.728666,5.53,Sgr,137.741,K1III + (F)
88765,,18.173948,-62.002197,5.47,Pav,17.6118,G0V
88770,,18.175443,54.286552,5.97,Dra,50.226,K1III
88788,,18.177861,3.324256,5.5,Oph,123.6094,K2III
88822,,18.184876,-41.359113,5.86,CrA,82.713,F0Vn
88835,,18.187157,-45.954418,4.52,Tel,128.2051,G5III
88838,,18.187714,-75.89151,5.86,Aps,75.3012,K3III
88876,,18.19537,-23.701235,4.96,Sgr,78.4929,K0III
88879,,18.195866,33.447057,5.98,Her,237.5297,A3V
88895,,18.198377,31.40535,4.96,Her,166.9449,M3III
88957,,18.209482,-73.672417,5.86,Aps,42.1408,F5V
89013,,18.220194,-41.336111,5.47,CrA,357.1429,B2.5III
89064,Polis,18.229392,-21.058834,3.84,Sgr,100000.0,B2III:
89071,,18.231545,64.397287,4.99,Dra,22.92,F5V
89092,,18.23775,-21.713164,5.49,Sgr,138.8889,K2III
89161,,18.253585,-20.72827,5.29,Sgr,100000.0,B0/1Ia/ab
89162,,18.253603,-20.387974,5.96,Sgr,100000.0,B0.5Ib/II
89170,,18.254739,68.75581,5.96,Dra,84.674,K1III:
89204,,18.260772,42.159345,5.56,Lyr,181.4882,B7IV
89209,,18.261289,-63.055366,5.58,Pav,90.3342,K0III/IV
89228,,18.264843,-44.206461,5.45,CrA,92.081,G8/K0III
89309,,18.281417,-3.007401,5.99,Ser,103.4126,G3III
89327,,18.285426,-56.023351,5.36,Tel,233.1002,B3IIIpe
89331,,18.286563,-17.373886,5.81,Sgr,299.4012,K2III
89364,,18.293793,-36.761686,3.1,Sgr,44.7427,M2III
89400,,18.300886,-27.042641,4.66,Sgr,233.6449,K3III
89494,,18.319316,7.259767,5.41,Oph,46.7946,K2III
89495,,18.319633,24.446059,5.3,Her,298.5075,K4II SB
89548,,18.331031,36.064547,4.33,Lyr,77.1605,K2IIIvar
89573,,18.335775,-15.831697,5.39,Ser,159.7444,K3III
89583,,18.338309,21.961297,4.92,Her,120.1923,M1III
89630,,18.345955,71.337814,4.22,Dra,92.8505,A0p (Si)
89640,,18.347795,3.377165,4.85,Oph,79.8722,G8III
89648,,18.349158,29.858925,5.61,Her,56.1798,A5m
89653,Kaus Media,18.3499,-29.828103,2.72,Sgr,106.6098,K3III
89657,,18.350283,28.869954,5.12,Her,80.6452,A7V
89660,,18.350736,72.732843,3.55,Dra,8.0574,F7Vvar
89684,,18.355167,-2.898825,3.23,Ser,18.5426,K0III-IV
89690,,18.356385,-18.859999,5.76,Sgr,378.7879,F8II
89703,,18.359075,49.121593,5.02,Dra,198.8072,M2III
89745,,18.369083,23.285176,5.41,Her,199.6008,K5III
89759,,18.371828,-38.656894,5.09,CrA,148.5884,K4/K5III
89774,,18.376477,12.02968,5.99,Oph,134.7709,A2V
89788,,18.380288,17.826616,5.25,Her,111.2347,K3III
89795,,18.38141,-36.669556,5.33,Sgr,170.6485,B7Ib/II
89817,,18.386712,-12.014755,5.71,Sct,188.6792,B5V
89819,,18.387117,-61.493901,4.35,Pav,143.6782,M1III SB
89845,,18.39134,-36.237987,5.52,Sgr,87.8735,K0III
89854,,18.393456,-75.044277,5.47,Oct,59.4884,A0V
89856,,18.394329,-8.934383,4.66,Sct,63.3714,K0III
89860,,18.394967,21.769752,3.85,Her,36.4697,K2III
89877,,18.398507,58.800736,4.98,Dra,56.4653,A3V
89906,Kaus Australis,18.402868,-34.384616,1.79,Sgr,43.9367,B9.5III
89912,,18.40383,39.507239,5.11,Lyr,134.5895,A3IVn
89921,,18.405067,-44.110256,5.24,CrA,149.4768,B2.5Vn
89981,,18.417066,-30.75657,5.58,Sgr,196.0784,K0III
90010,,18.422511,-20.541679,4.81,Sgr,125.7862,A1/A2V
90034,,18.427444,8.032006,5.64,Oph,241.5459,G8III-IV+..
90063,,18.432996,29.82893,5.81,Her,124.2236,A2IV
90065,Fafnir,18.433069,65.56348,4.82,Dra,96.5251,K2III
90135,,18.448336,-48.117243,5.44,Tel,152.6718,K0/K1III+..
90143,,18.449561,-45.968459,3.49,Tel,85.1789,B3IV
90162,,18.453475,0.196108,5.2,Ser,143.8849,G0III+...
90206,,18.463745,-29.816865,5.9,Sgr,36.6032,F8V
90217,Kaus Borealis,18.466179,-25.4217,2.82,Sgr,23.9693,K1IIIb
90218,,18.466326,6.194104,5.71,Ser,216.9197,B8III-IV
90261,,18.474198,-38.995671,5.63,CrA,126.1034,A2m...
90288,,18.480505,-49.070588,4.1,Tel,38.6997,G8/K0III
90315,,18.486626,-14.565813,4.67,Sct,97.9432,A1IV/V
90326,,18.488891,-80.232708,5.95,Oct,119.0476,K2III
90357,,18.493253,23.866202,5.87,Her,375.9398,B6IV
90362,,18.494717,-1.985308,5.38,Ser,70.4225,K0III
90367,,18.495823,77.547068,5.65,Dra,125.3133,K4III
90382,,18.498871,-47.220546,5.69,Tel,198.0198,K2III
90384,,18.499086,-57.523143,5.74,Pav,97.561,K0III
90406,,18.503295,-18.728794,5.63,Sgr,90.1713,K0III
90480,,18.517903,16.928556,5.76,Her,133.5113,A2V
90481,,18.518012,-32.989114,5.37,Sgr,88.8889,A5V
90515,,18.522896,-62.278302,4.63,Pav,134.5895,B8III
90522,,18.523804,-10.795836,5.77,Sct,330.033,B2V
90524,,18.523971,-18.402697,5.12,Sgr,68.3995,B9/B9.5V
90548,,18.529287,-45.914814,4.92,Tel,216.9197,B6IV
90559,,18.532284,-43.507383,5.71,CrA,337.8378,K2III
90562,,18.532498,-1.002977,5.93,Ser,188.3239,A4III
90571,,18.533874,-45.757382,5.07,Tel,366.3004,B3III
90605,,18.539257,-39.704001,5.16,CrA,70.2741,A3V
90623,,18.542923,57.045599,4.77,Dra,649.3506,F7Ib
90631,,18.545367,-14.865662,5.47,Sct,884.9558,K3Iab
90633,,18.546154,23.616801,5.88,Her,230.9469,K5III
90640,,18.54721,30.554209,5.47,Lyr,109.6491,B8IV
90648,,18.548704,-73.965596,5.88,Pav,108.8139,K0III
90688,,18.556426,-38.725985,5.67,CrA,298.5075,B9.5
90700,,18.558383,-42.31251,4.62,CrA,170.9402,G5III
90709,,18.560839,-14.853614,5.74,Sct,69.5894,A0/A1V
90722,,18.564857,-24.032283,5.49,Sgr,632.9114,K3III
90731,,18.565749,52.353517,5.38,Dra,195.6947,K0III
90733,,18.566046,-33.01656,5.28,Sgr,404.8583,B2III/IV
90823,,18.583998,-10.977206,5.12,Sct,100.9082,G8III
90835,,18.586785,-8.244073,3.85,Sct,61.0501,K2III
90836,,18.586834,18.20341,5.79,Her,198.4127,A0Vn
90857,,18.591777,23.60553,5.62,Her,144.3001,G8III
90935,,18.607731,9.122491,5.38,Oph,38.5208,F5III
90953,,18.610373,33.469036,5.41,Lyr,154.5595,B8II-IIIp..
90955,,18.610854,6.671805,5.43,Oph,33.0797,F3V
90979,Vega,18.61564,38.783692,0.03,Lyr,7.6787,A0Vvar
91033,,18.625974,62.526591,5.74,Dra,119.0476,A0V
91039,,18.626656,-0.309472,5.76,Ser,160.5136,A2V
91064,,18.631785,-21.397725,5.93,Sgr,104.3841,A5IV
91122,,18.641865,-23.504893,5.78,Sgr,151.0574,B8III
91156,,18.648168,-21.051871,5.85,Sgr,13.0839,G5V
91178,,18.653968,-47.909767,5.84,Tel,109.4092,A3V
91211,,18.659768,-43.185878,5.42,CrA,196.0784,M2III
91242,,18.66467,52.196075,6.0,Dra,165.5629,A0p...
91249,,18.666774,-7.790799,5.82,Sct,178.5714,K4III
91441,,18.704563,-9.052549,4.7,Sct,62.0732,F2IIIp d Del
91471,,18.710543,55.539457,5.03,Dra,104.3841,B9.5p...
91507,,18.71726,-71.428113,4.01,Pav,66.9792,K2III
91559,,18.725348,-8.275215,4.88,Sct,165.0165,G8II
91568,,18.727035,-64.551425,5.76,Pav,108.9325,K0III
91589,,18.729706,-38.323441,5.11,CrA,62.9327,A0/A1V
91597,,18.730999,31.926613,5.68,Lyr,50.3018,F1III-IV
91632,,18.738711,-35.641987,4.86,Sgr,143.0615,B2V
91633,,18.738984,39.670123,4.67,Lyr,49.776,F1V
91639,,18.739661,39.612721,4.59,Lyr,47.6872,A8Vn
91684,,18.746209,37.605115,4.34,Lyr,47.8698,Am
91686,,18.746722,37.594615,5.73,Lyr,47.6872,F0IVvar
91687,,18.747112,-25.010914,5.82,Sgr,177.305,B8III
91688,,18.747205,2.060038,5.02,Aql,142.6534,B9V
91702,,18.74921,-39.686188,5.4,CrA,400.0,K1/K2III+..
91737,,18.757465,-64.871259,4.78,Pav,28.547,A7V
91740,,18.757879,5.500128,5.82,Ser,188.6792,A1V
91754,,18.76094,-26.990778,3.17,Sgr,73.3676,B8.5III
91756,,18.761035,20.546308,4.19,Her,19.2086,F6V
91769,,18.762989,74.085553,5.25,Dra,96.8054,K0II-III
91801,,18.767911,26.66213,4.83,Lyr,78.125,K3III
91824,,18.772391,-22.392176,5.37,Sgr,209.6436,K5III
91825,,18.772849,75.433964,5.37,Dra,85.8369,A1Vn
91830,,18.77461,-0.961692,5.89,Aql,111.8568,A2m
91846,,18.778634,52.98796,5.91,Dra,396.8254,B2.5V
91849,,18.778701,-10.125048,5.69,Sct,100000.0,F2Ib-II
91874,,18.783686,18.181519,4.34,Her,28.8934,A5III
91888,,18.786242,-4.747867,4.22,Sct,280.8989,G5II...
91915,,18.791375,-5.705147,5.38,Sct,100000.0,K0Ibpvar
91939,,18.795726,-40.406167,5.2,CrA,121.3592,G5/G6III
92007,,18.810538,-65.077679,5.71,Pav,67.7048,A9V
92021,,18.814024,-43.680047,5.46,CrA,103.0928,A2Vn
92025,,18.814829,19.32872,5.89,Her,87.6424,A1V
92079,,18.824257,-45.8101,5.8,Tel,109.8901,G6IV
92094,,18.826388,-43.434102,5.6,CrA,147.7105,B9IV
92102,,18.827807,-20.324656,5.22,Sgr,286.533,K2III
92103,,18.828043,-5.912863,5.99,Sct,534.7594,K2Ib
92110,,18.82942,32.81282,5.93,Lyr,401.6064,B3IV
92117,,18.831366,32.551058,5.22,Lyr,70.9723,A3V
92133,Sheliak,18.834665,33.362667,3.52,Lyr,294.9853,A8:V comp SB
92199,,18.849586,-9.774096,5.82,Sct,854.7009,F2Ib
92225,,18.853348,59.388351,4.63,Dra,104.8218,K0II-III SB
92260,,18.859712,52.975117,5.51,Dra,25.6674,G9IVa
92319,,18.870288,-62.187593,4.22,Pav,438.5965,B2II-III
92324,,18.87123,21.425142,5.43,Her,124.3781,B9p...
92340,,18.874229,-46.595119,5.51,Tel,317.4603,M0III
92356,,18.877675,-52.10737,5.18,Tel,83.3333,G8/K0III
92399,,18.887096,50.708221,4.92,Dra,139.8601,G8III
92438,,18.895433,36.971721,5.58,Lyr,303.9514,B2.5V
92457,,18.900025,-21.359845,5.68,Sgr,502.5126,G8/K0II
92471,Ainalrami,18.902827,-22.744834,4.86,Sgr,344.8276,K1II
92478,,18.90368,27.909528,5.64,Lyr,111.3586,K4III
92492,,18.90661,71.297192,4.82,Dra,105.4852,K0III
92502,,18.908412,36.898613,4.22,Lyr,225.7336,M4IIvar
92524,,18.911976,-15.603036,5.08,Sct,429.1845,B3II
92527,,18.912468,22.645076,4.57,Her,144.7178,G4III+...
92532,,18.913095,48.859401,5.84,Dra,55.2792,F3III
92534,,18.91323,-87.605843,5.29,Oct,78.7402,K3III
92541,,18.914494,41.602723,5.46,Lyr,81.9672,G8III
92543,,18.914588,33.968576,5.99,Lyr,358.4229,G8III+...
92554,,18.918649,-22.671328,5.0,Sgr,83.9631,K1Ib/II
92564,Nunki,18.92109,-26.296722,2.05,Sgr,69.8324,B2.5V
92571,,18.922249,43.946088,4.08,Lyr,91.4077,M5IIIvar
92581,,18.92429,6.61529,5.58,Aql,88.2613,G9III
92591,,18.92528,-16.376635,5.56,Sgr,31.7158,F5/F6IV/V
92639,,18.93352,-23.173751,5.91,Sgr,194.9318,B6III
92645,,18.935034,18.10541,5.69,Her,92.2509,K1III
92654,Alya,18.936995,4.203595,4.62,Ser,47.4158,A5V
92659,Alya B,18.937401,4.202132,4.98,Ser,51.9481,A5Vn
92661,,18.938044,-42.710676,5.35,CrA,90.5797,G6III-IV
92677,,18.940481,65.258084,5.62,Dra,96.1538,G8III
92697,,18.944582,-37.343241,5.36,CrA,131.9261,B3V
92705,,18.945851,57.814851,5.67,Dra,84.674,K1III
92723,,18.949177,-67.233495,4.4,Pav,153.3742,F5Ib-II:
92725,,18.950441,32.901273,5.2,Lyr,14.8721,G0V
92733,,18.951019,-5.846314,4.83,Sct,62.0347,K1III
92758,,18.954608,2.535346,5.56,Ser,348.4321,B9IIIp...
92764,,18.955688,-20.656346,5.02,Sgr,632.9114,B9.5Ib
92793,,18.962167,-21.106654,3.52,Sgr,111.9821,G8/K0II/III
92811,,18.967194,38.266188,5.89,Lyr,177.305,B7IV
92831,,18.970763,17.360912,5.33,Aql,473.9336,F8Ib
92855,,18.974378,-52.938629,4.85,Tel,187.6173,A0V
92870,,18.976812,-60.20055,5.14,Pav,172.7116,K1III-IV
92881,,18.978721,-37.107357,4.83,CrA,30.1841,F3IV/V
92886,,18.979701,13.906648,5.91,Aql,78.3699,F0spe...
92902,Sulafat,18.982395,32.689557,3.25,Lyr,190.1141,B9III
92910,,18.984928,13.622245,5.27,Aql,48.4262,F8V
92931,,18.989945,-12.840517,5.51,Sgr,146.1988,B4V
92951,,18.993711,15.068298,4.02,Aql,47.5059,K2III
92963,,18.995966,26.230404,5.26,Lyr,99.2063,K2III
92987,,19.000229,32.145514,4.94,Lyr,338.9831,K3III
92994,,19.000987,-66.653618,5.98,Pav,136.0544,K0III
93006,,19.003799,50.533466,5.39,Dra,205.7613,B2.5IV
93047,,19.012072,55.658301,5.51,Dra,150.8296,G5IIbCN...
93100,,19.021488,26.291411,5.69,Lyr,199.2032,B5V
93115,,19.023991,46.934812,5.0,Lyr,37.4392,A7V
93136,,19.028008,-5.739115,4.02,Aql,44.1306,K1IIIvar
93205,,19.041022,-24.846826,5.63,Sgr,78.9889,K2III
93213,Ascella,19.043532,-29.880105,2.6,Sgr,27.0416,A3IV
93233,,19.048472,-3.698987,5.4,Aql,153.1394,A1V
93244,,19.051057,-19.245686,5.96,Sgr,606.0606,K0II/III
93248,,19.051907,-42.095105,4.74,CrA,59.2066,A0Vn
93258,,19.054915,-38.253147,5.73,CrA,68.4932,F2III/IV
93279,,19.058242,-68.755544,5.89,Pav,56.3063,F8V
93285,,19.058959,1.818768,5.82,Aql,54.8847,A4V
93329,,19.065985,-51.018604,5.93,Tel,99.8004,K0/K1III
93372,,19.073627,-31.047079,5.49,Sgr,147.0588,A0V
93388,,19.07805,-21.741496,3.76,Sgr,43.554,K0III
93418,,19.081991,53.396654,5.4,Dra,111.1111,A0Vn
93422,,19.082687,-4.03142,5.4,Aql,88.7311,K1III
93423,,19.082741,31.744072,5.63,Lyr,189.7533,M0III
93452,Okab,19.090169,13.863478,2.99,Aql,25.4582,A0Vn
93468,,19.094772,-15.660419,5.93,Sgr,219.2982,B8IIIsp...
93510,,19.10415,-4.882554,3.43,Aql,37.9219,B9Vn
93520,,19.10554,-52.34091,5.17,Tel,56.7215,F7V
93530,,19.106971,-37.063437,4.23,CrA,17.304,F7IV-V
93548,,19.11048,28.628595,5.53,Lyr,39.968,F0III
93550,,19.110665,24.250793,5.78,Vul,107.1811,A4III
93560,,19.114477,-16.229276,6.0,Sgr,259.0674,B7V
93567,,19.115445,-48.299144,5.95,Tel,117.9245,A0V
93569,,19.11567,-27.670423,3.32,Sgr,37.2856,K1/K2III
93572,,19.116279,11.071228,5.07,Aql,214.1328,B8III
93608,,19.121703,36.100157,5.25,Lyr,274.7253,B6IV
93622,,19.123769,32.501738,5.2,Lyr,41.58,F0V
93701,,19.137973,-19.290289,5.56,Sgr,396.8254,B2V
93710,,19.139156,-40.496703,4.57,CrA,54.7345,K1III
93718,,19.140507,52.425731,5.88,Cyg,71.0227,K1IV
93773,,19.149976,6.073207,5.23,Aql,45.7875,F0III-IV
93788,,19.152716,76.560502,5.11,Dra,27.3,A9V
93819,Meridiana,19.157869,-37.904474,4.11,CrA,38.432,A0/A1V
93846,Albaldah,19.162731,-21.023615,2.88,Sgr,156.25,F2II/III
93855,,19.164642,-68.424448,5.31,Pav,37.3832,G8/K0III/IV
93862,,19.166015,-41.892256,5.86,CrA,444.4444,B5V
93865,,19.167154,-39.340796,4.1,CrA,145.3488,K0II/IIICN.
94007,,19.194597,56.859213,5.13,Dra,105.4852,G8III
94016,,19.196114,31.283456,5.93,Lyr,273.224,B9p Si
94042,,19.201416,49.855755,5.85,Cyg,24.4499,G4V+...
94081,Altais,19.209225,67.661541,3.07,Dra,29.8686,G9III
94090,,19.211309,-7.939518,5.35,Aql,300.3003,B3V
94139,,19.220463,-25.906786,5.79,Sgr,520.8333,K2III
94143,,19.220979,-12.282584,5.51,Sgr,166.113,K3III
94182,,19.228529,2.293707,5.14,Aql,217.8649,B8II-III
94186,Aladfar,19.229302,39.145968,4.43,Lyr,425.5319,B2.5IV
94195,,19.231987,57.705102,5.0,Dra,50.6586,K2III
94261,,19.244319,-45.193527,5.91,CrA,91.3242,G8III
94325,,19.254822,21.232118,5.65,Sge,91.8274,A4V
94329,,19.255581,15.083651,5.58,Aql,212.3142,G8II-III
94335,,19.256905,30.526381,5.88,Lyr,389.1051,M0III
94348,,19.259007,-25.256682,4.86,Sgr,91.4913,K0/K1III+..
94352,,19.259229,73.355468,4.45,Dra,44.8833,K3III
94408,,19.270289,21.390428,4.76,Vul,248.7562,B4IV
94417,,19.272706,-45.466033,5.38,Tel,167.2241,K3III
94418,,19.272804,38.133731,4.35,Lyr,255.102,K0II
94425,,19.274108,14.544616,5.65,Aql,125.6281,B9.5V
94432,,19.275287,4.834795,5.59,Aql,164.4737,A3IV
94484,,19.28504,53.368459,3.8,Cyg,38.0662,K0III
94494,,19.286729,-66.661048,5.52,Pav,91.5751,A4IV/V
94525,,19.293911,-18.952908,4.88,Sgr,147.7105,K0III
94532,,19.295454,23.02554,5.46,Vul,373.1343,B0.5IV
94539,,19.296944,11.595422,5.28,Aql,127.2265,F0IV
94590,,19.309026,1.085129,5.1,Aql,113.7656,K2II-IIIvar
94689,,19.327597,12.37468,5.53,Aql,103.4126,F0III
94691,,19.327776,-35.421452,5.59,Sgr,276.2431,B4III
94743,,19.337783,57.645129,5.91,Dra,242.1308,M1III
94771,,19.342473,-5.415766,4.98,Aql,47.2813,G8III-IV...
94778,,19.343246,-0.892161,5.46,Aql,134.2282,B9III
94782,,19.34393,-22.402535,5.59,Sgr,55.371,A6:m...
94786,,19.344467,65.714531,4.6,Dra,70.1754,A2IIIs
94873,,19.361211,-17.847197,3.92,Sgr,38.9257,F0III/IV
94881,,19.362117,-15.955018,4.52,Sgr,546.4481,F2p
94892,,19.364137,-18.308388,5.84,Sgr,101.833,K0III
94927,,19.372651,-0.252345,5.81,Aql,103.7344,G8III:
94946,Arkab Prior,19.377303,-44.458965,3.96,Sgr,96.1538,B9V
94965,,19.380801,26.262403,5.22,Vul,120.4819,B6III
94966,,19.380888,-54.423931,5.03,Tel,48.216,A0Vn
94999,Arkab Posterior,19.386976,-44.799778,4.27,Sgr,41.1353,F2III
95052,Rukbat,19.398103,-40.61594,3.96,Sgr,55.7414,B8V
95057,,19.399027,43.388171,5.85,Lyr,135.1351,G6.5IIIa
95077,,19.402105,29.621338,4.99,Cyg,258.3979,B3IV
95152,,19.416164,11.944415,5.17,Aql,15.1768,G8IVvar
95161,,19.41779,-29.309359,5.91,Sgr,91.3242,K3III
95182,,19.421247,-24.508575,5.02,Sgr,77.2201,A4IV/V
95190,,19.422665,-13.89713,5.72,Sgr,154.7988,K2III
95202,,19.424611,19.798365,5.14,Vul,83.2639,K0III
95206,,19.424906,-23.962457,5.45,Sgr,153.1394,K3III
95207,,19.424972,3.114775,3.36,Aql,15.5255,F0IV
95260,,19.435868,36.317896,5.17,Cyg,216.9197,B9sp...
95261,,19.4364,-15.053251,5.71,Sgr,214.1328,B7IV
95264,,19.437013,20.097733,5.6,Vul,72.8863,A0V
95268,,19.438654,-21.776693,5.57,Sgr,132.2751,K1/K2III
95276,,19.440037,13.023801,5.76,Aql,55.991,F6III
95286,,19.441302,19.891493,5.84,Vul,187.9699,M0III
95289,,19.441969,0.33857,4.64,Aql,869.5652,F2Ib
95323,,19.449022,-29.743225,5.66,Sgr,69.9301,B8/B9V
95360,,19.457212,52.320436,5.73,Cyg,107.5269,A1V
95393,,19.463366,-54.325272,5.7,Tel,164.7446,K4III
95434,,19.472444,2.93003,5.84,Aql,294.9853,B6III
95473,Anser,19.478427,24.664905,4.44,Vul,91.1577,M0 comp
95487,,19.482523,24.768723,5.82,Vul,157.7287,K0III
95495,,19.483608,1.950448,5.79,Aql,61.1995,A0V
95523,,19.489487,14.596019,5.57,Aql,91.7431,K0III
95524,,19.489951,-43.445195,5.7,Sgr,62.383,Am
95554,,19.495098,51.729779,3.76,Cyg,37.2024,A5Vn
95566,,19.497829,-26.985615,5.46,Sgr,71.736,K1/K2III
95638,,19.511066,-2.788887,5.03,Aql,162.0746,M1IIIvar
95648,Albireo,19.512023,27.959681,3.05,Cyg,133.1558,K3II+...
95652,Albireo B,19.51261,27.965276,5.12,Cyg,122.549,B8V
95700,,19.519709,-68.43392,5.98,Pav,387.5969,K4/K5III
95714,,19.522039,50.306706,5.55,Cyg,141.6431,K1III
95716,,19.522672,26.617171,5.89,Vul,60.5327,K0III-IV
95752,,19.529534,34.452968,4.74,Cyg,263.8522,B3IV
95799,Alsafi,19.539149,69.661175,4.67,Dra,5.7547,K0V
95839,,19.54828,-53.185618,5.76,Tel,115.7407,Am
95876,,19.556007,-45.271748,5.59,Tel,121.6545,A0p
95896,,19.561557,49.262319,6.0,Cyg,406.5041,M4.5III
95927,,19.568153,7.378941,4.45,Aql,32.9924,K3III
95932,,19.569024,-40.034638,5.89,Sgr,129.7017,A5IV-III
95956,,19.572161,51.23662,5.71,Cyg,25.113,F7V
95973,,19.57636,19.773403,5.0,Vul,169.4915,B8IIIn
95986,,19.578127,42.412509,5.34,Cyg,176.6784,A2V
96000,,19.580813,29.462954,5.39,Cyg,171.2329,A0V+...
96026,,19.585349,-10.560444,5.12,Aql,140.2525,G8III
96039,,19.586942,-48.099202,4.88,Tel,113.6364,G9III
96104,,19.600459,-24.719081,5.64,Sgr,90.2527,A1m...
96138,,19.607372,50.221103,4.49,Cyg,18.3352,F4V
96156,,19.610555,44.694936,5.17,Cyg,40.833,K0III
96162,,19.611786,-24.883623,4.59,Sgr,58.1395,B8/B9V
96165,,19.612022,-1.286601,4.36,Aql,119.9041,B5III
96179,,19.61457,11.273206,5.98,Aql,371.7472,G0Ib
96180,,19.614847,-7.027477,4.93,Aql,515.4639,B0.5III
96193,,19.617595,-18.231052,5.66,Sgr,121.8027,K0III
96212,,19.621498,16.462802,5.67,Sge,147.2754,G8IIIvar
96232,,19.626227,-14.301801,5.46,Sgr,30.5623,F7V
96252,,19.62981,-4.64764,5.45,Aql,32.1543,F3IV
96314,,19.644769,54.973793,5.89,Cyg,40.8831,F6Vasv
96359,,19.653234,5.397773,5.18,Aql,239.2344,B3V + B3V
96377,,19.656279,30.153321,4.68,Cyg,81.6327,G8III-IV...
96386,,19.657356,42.818278,5.41,Cyg,200.0,B9III
96450,Sham,19.668275,18.01389,4.39,Sge,130.3781,G0II
96453,,19.668657,-23.429086,5.97,Sgr,109.8901,K0III
96500,,19.6787,-0.621233,5.64,Aql,107.9914,A3IV
96501,,19.678717,-16.293268,5.3,Sgr,73.7463,K1III
96519,,19.680601,45.524942,5.06,Cyg,49.6278,F5II
96530,,19.68415,17.476041,4.39,Sge,134.7709,G8II
96533,,19.684869,13.815682,5.98,Aql,100000.0,B5V
96588,,19.696945,50.52506,5.99,Cyg,21.0793,G2V
96643,,19.708648,-16.123996,5.06,Sgr,54.3183,F3IV/V
96650,,19.709447,11.826583,5.28,Aql,261.7801,F3V:+...
96670,,19.71239,32.426741,5.93,Cyg,602.4096,A5III
96756,,19.72598,-15.470105,5.49,Sgr,48.9237,F5V
96770,,19.72859,25.771929,5.5,Vul,101.7294,G8III
96774,,19.729192,41.773108,5.86,Cyg,174.8252,M0III
96811,,19.737943,37.354355,4.89,Cyg,88.6525,G8III
96814,,19.738446,69.337065,5.9,Dra,132.1004,A2III
96858,Fawaris,19.749574,45.13081,2.86,Cyg,50.5817,B9.5III
96921,,19.761096,7.613158,5.89,Aql,53.6193,A3IV
96951,,19.767005,-31.908571,5.51,Sgr,217.8649,B8III
96970,Tarazed,19.770994,10.613261,2.72,Aql,121.0654,K3II
96981,,19.772707,-19.761113,4.87,Sgr,63.6537,K0III
96986,,19.773777,33.727598,5.0,Cyg,21.2314,F5
97056,,19.789795,18.534286,3.68,Sge,182.1494,M2II + B6
97067,,19.79105,38.407614,5.83,Cyg,144.9275,B8Vn
97093,,19.796816,25.384058,6.0,Vul,126.9036,K0II-III
97112,,19.800321,-56.362611,5.33,Tel,49.554,A9Vn
97124,,19.80285,70.26793,3.84,Dra,45.3721,G8III
97163,,19.811683,11.815896,5.75,Aql,157.7287,F2V:+...
97186,,19.816294,19.142042,5.01,Sge,78.1861,A3V
97189,,19.817279,-10.870763,6.0,Aql,96.432,K5III
97224,,19.823694,-72.503378,5.39,Pav,43.63,A4III
97287,,19.837238,-47.557392,5.91,Tel,408.1633,M1III
97319,,19.842776,38.722419,5.18,Cyg,212.3142,M2IIIa
97323,,19.843702,40.599759,5.68,Cyg,649.3506,B1III
97324,,19.843813,52.988001,5.03,Cyg,62.0732,K3IIIvar
97335,,19.845775,-59.193667,5.41,Pav,84.9618,A0IV
97338,Altair,19.846388,8.868322,0.76,Aql,5.1295,A7IV-V
97339,,19.846329,-10.763512,5.38,Aql,27.8707,F0V
97365,,19.850456,10.415727,5.12,Aql,19.1902,F8V
97368,,19.851141,22.610046,4.9,Vul,193.0502,B2.5V
97438,,19.864056,-39.874367,5.32,Sgr,92.4214,A0p
97446,,19.866408,47.027339,5.6,Cyg,100000.0,O9.5Ia
97454,,19.867109,24.992162,5.54,Vul,518.1347,A1Iab
97464,,19.868658,47.931795,5.91,Cyg,510.2041,B2III
97472,,19.870001,-19.044991,5.88,Sgr,115.8749,K0III
97493,,19.874547,1.005661,3.87,Aql,423.7288,F6Ibv SB
97505,,19.877143,-54.971026,5.76,Tel,172.4138,G8/K0III
97559,,19.88816,57.523482,5.14,Cyg,194.1748,B5V
97560,,19.888538,-3.114464,5.63,Aql,80.1282,A5pvar
97575,,19.891026,24.079614,4.57,Vul,102.5641,B9.5III
97617,,19.902299,-8.574211,5.76,Aql,193.7984,K5III
97627,Libertas,19.904134,8.461453,4.71,Aql,56.2746,K0III
97650,,19.908632,24.319388,5.56,Vul,144.3001,A0III
97655,,19.910459,-8.227289,5.7,Aql,147.929,B7Vn
97669,,19.912444,0.273627,5.6,Aql,113.8952,A0III
97674,,19.913403,36.995676,5.79,Cyg,369.0037,Fp
97721,,19.921026,-41.868288,4.12,Sgr,55.7414,K0III
97725,Alshain,19.921887,6.406763,3.71,Aql,13.6986,G8IVvar
97744,,19.927167,52.438948,4.91,Cyg,86.2813,A4Vn
97755,Terebellum,19.930651,-26.299506,4.7,Sgr,25.9875,G3/G5III
97757,,19.931045,38.486705,4.95,Cyg,442.4779,B5IV
97762,,19.932051,58.845969,4.98,Cyg,280.8989,K5II-III
97774,,19.933684,16.634799,5.71,Sge,100000.0,G5Ibv SB
97792,,19.937292,11.423721,5.28,Aql,67.2948,A1IV
97799,,19.938438,35.083424,3.89,Cyg,41.3736,K0IIIvar
97851,,19.94912,-27.169899,4.54,Sgr,255.102,K3III
97863,,19.951749,-58.901351,5.24,Pav,85.3971,B9.5IV
97883,,19.953852,40.367824,5.46,Cyg,340.1361,B5V
97923,,19.962624,16.789163,5.54,Sge,139.6648,B9III
97947,,19.965842,-15.49149,5.01,Sgr,81.4332,A2V
98014,,19.977216,30.983665,5.51,Cyg,142.6534,B9Vn
98021,,19.978116,-69.163957,5.74,Pav,70.1262,Am
98026,,19.979285,19.492148,3.51,Sge,79.2393,K5III
98042,,19.982555,-26.195767,4.84,Sgr,96.0615,G8II/III
98064,,19.986261,23.101281,5.68,Vul,49.1159,F0
98072,,19.989006,45.772541,5.92,Cyg,138.8889,A5III
98101,,19.995605,-35.276305,4.37,Sgr,158.9825,B2.5IV
98105,,19.996485,-9.958238,5.87,Aql,22.2025,F8V
98110,,19.997595,-34.697799,5.3,Sgr,48.4966,A4/A5IV
98114,,19.998665,37.042885,5.15,Cyg,404.8583,B3IV
98127,,20.000919,17.516511,5.33,Sge,312.5,M4IIIa
98150,,20.004425,-37.701719,5.95,Sgr,107.7586,G8/K0III
98159,,20.005621,-33.703452,5.65,Sgr,21.2495,F7V
98167,,20.006418,-66.94936,5.75,Pav,73.2601,K0IV
98184,,20.009845,-72.910504,3.97,Pav,32.2165,A0V
98201,,20.013424,-45.112918,5.8,Sgr,81.367,A8III
98215,,20.016383,8.557735,5.9,Aql,212.3142,K5III
98232,,20.018346,27.753573,4.66,Vul,72.4638,A4III
98260,,20.022655,50.104695,5.06,Cyg,133.1558,K1II-III
98272,,20.024594,64.820974,5.22,Dra,180.1802,M1III
98297,,20.029086,24.800423,5.88,Vul,331.1258,B4V
98298,,20.029093,-59.375893,4.95,Pav,145.7726,M6III
98313,,20.03123,-66.943966,5.32,Pav,72.4638,K2IVCN...
98321,,20.032944,-13.637217,5.69,Sgr,90.9918,A1IV
98324,,20.03373,24.938043,5.23,Vul,67.981,F2III
98375,,20.044299,-27.709845,4.43,Sgr,137.5516,M4III
98389,,20.04696,67.873565,4.51,Dra,131.406,K3III
98425,,20.054555,18.500993,5.99,Sge,248.139,K3Iab:
98441,,20.058338,16.031255,5.73,Aql,195.6947,B9MNp...
98448,,20.059291,-37.940699,4.77,Sgr,112.3596,K4III
98454,,20.060373,29.896805,5.73,Cyg,15.8579,G6IV+...
98504,,20.068399,17.070173,5.8,Sge,17.7683,G1V
98508,,20.068976,7.277966,5.51,Aql,141.6431,K0III
98527,,20.072108,-32.056296,4.99,Sgr,89.1266,K1III/IV
98529,,20.073098,-0.709309,5.67,Aql,127.8772,K4III
98548,,20.076715,32.218598,5.62,Cyg,100000.0,B1.5Ia comp
98604,,20.08597,19.991071,5.09,Sge,49.1642,K2III
98646,,20.092444,61.99542,5.4,Dra,52.687,K3III
98710,,20.103823,53.165688,5.81,Cyg,36.5631,F5V
98715,,20.106055,35.972468,5.38,Cyg,23.9464,K0IV
98764,,20.114835,23.614425,5.08,Vul,154.5595,B3V
98804,,20.1231,-52.880793,4.93,Tel,331.1258,M1II
98855,,20.13384,-0.678185,5.97,Aql,46.9484,K1IV
98924,,20.145157,-66.182068,3.55,Pav,6.1084,G5IV-Vvar
98939,,20.148145,77.711419,4.38,Cep,96.5251,B9III
98986,,20.157116,36.839621,4.93,Cyg,317.4603,B2.5V
99087,,20.175982,26.904169,5.51,Vul,129.8701,A3III
99143,,20.186632,-36.101212,5.32,Sgr,6.015,K2V
99156,,20.188413,-0.821461,3.24,Aql,87.7963,B9.5III
99182,,20.193007,62.078542,5.7,Dra,48.3559,F5V
99200,,20.19666,26.80899,5.51,Vul,432.9004,K3II-III
99213,,20.200195,26.478806,5.91,Vul,246.9136,B7Ve...
99254,,20.207186,-12.617497,5.84,Cap,27.7008,F5V
99312,,20.220523,-1.009339,5.44,Aql,216.9197,K5III
99320,,20.22168,46.815675,4.8,Cyg,187.2659,A5IIIn
99336,,20.223288,56.567722,4.28,Cyg,48.8281,A3IV-Vn
99344,,20.224331,60.640569,5.81,Cep,177.9359,K5III
99356,,20.227196,46.741329,3.8,Cyg,271.0027,K2II+...
99419,,20.237369,28.694817,5.19,Vul,91.1577,A7IVn
99423,,20.237949,15.197609,4.94,Aql,45.977,A2V
99428,,20.238617,-52.44577,5.65,Tel,210.084,K4III
99451,,20.242229,36.806302,4.93,Cyg,42.6985,A2V
99505,,20.254415,25.591957,4.79,Vul,303.9514,B3V
99507,,20.254806,-27.032977,5.73,Cap,8.9111,K3V
99523,,20.256604,33.729084,5.7,Cyg,97.4659,K0III
99529,,20.257867,47.714208,3.96,Cyg,324.6753,K3Ib-II comp
99534,,20.2584,23.508906,5.18,Vul,588.2353,G2Ib SB
99554,,20.262816,27.814242,4.5,Vul,103.8422,K3III
99569,,20.266837,45.579525,5.87,Cyg,34.2583,F5V:
99631,,20.279746,24.671102,5.3,Vul,134.2282,G8III
99648,,20.282024,40.365075,5.27,Cyg,483.0918,K5II
99696,,20.291918,66.853687,5.91,Dra,17.5685,G3V
99706,,20.29413,-12.508212,4.3,Cap,174.5201,G3Ib
99723,,20.296445,38.03293,4.77,Cyg,100000.0,B2pe
99741,,20.300388,-21.80996,5.86,Cap,96.9932,G8III
99743,Algedi,20.300904,-12.544852,3.58,Cap,32.4465,G6/G8III
99748,,20.301941,40.732082,5.83,Cyg,595.2381,O9V
99775,,20.306876,55.397095,5.76,Cyg,90.4977,A2Vs
99786,,20.307958,36.999803,5.58,Cyg,62.5,A2V
99799,,20.310853,34.982775,5.14,Cyg,970.8738,F5Ib
99873,,20.323223,-19.118533,5.28,Cap,343.6426,K2III
99898,,20.326863,62.257472,5.71,Dra,115.8749,B9V
99932,,20.333386,13.548091,5.96,Del,80.3213,A5m
99937,,20.334998,68.880317,5.59,Dra,205.3388,M5III
99952,,20.339279,17.792928,5.82,Sge,167.2241,K5III
99985,Alshat,20.344393,-12.75908,4.77,Cap,77.6398,B9IV
100020,Dabih,20.350187,-14.781367,3.05,Cap,100.2004,A5:n
100032,,20.3532,63.980122,5.69,Dra,215.0538,K5III
100109,,20.36762,24.446099,5.5,Vul,305.8104,B8IIIn
100111,,20.368156,45.794994,5.58,Cyg,124.2236,K0IIIvar
100128,Sadr,20.370473,40.256679,2.23,Cyg,561.7978,F8Ib
100143,,20.374305,-42.049548,5.6,Sgr,66.1376,A0V
100175,,20.379249,41.026012,5.95,Cyg,259.0674,M0III
100215,,20.386304,5.342987,5.3,Aql,75.5858,G8III-IV
100248,,20.395658,37.476449,5.87,Cyg,414.9378,B2Vne
100260,,20.397671,32.190172,4.43,Cyg,76.6284,K3III
100264,,20.398106,-42.422868,5.64,Sgr,95.511,A3V
100412,,20.424119,-28.663269,5.86,Sgr,153.8462,G8II/III
100425,Peacock,20.427459,-56.73509,1.94,Pav,54.8246,B2IV
100428,,20.427925,21.409642,5.68,Vul,145.7726,G6III
100533,,20.450624,49.383367,5.73,Cyg,37.5657,F0V:
100555,,20.455336,-18.211721,5.08,Cap,167.2241,B4V
100581,,20.459517,38.440332,5.63,Cyg,81.4332,A3V
100639,,20.470687,81.422708,5.38,Dra,139.6648,G9III
100701,,20.481004,-17.813687,4.77,Cap,30.2663,F3V
100741,,20.488997,36.454729,5.9,Cyg,793.6508,A1Ib
100750,,20.489926,30.368555,4.01,Cyg,235.8491,F5II
100757,,20.490863,56.06819,5.89,Cyg,265.9574,B9Vn
100758,,20.490931,81.091277,5.96,Dra,63.7349,K0III+...
100767,,20.493015,62.994105,4.21,Cep,41.841,A7III
100775,,20.494167,-2.885531,4.91,Aql,61.2745,K2III
100797,,20.498307,-18.583178,5.94,Cap,66.357,A1V
100812,,20.500983,48.951569,4.94,Cyg,278.5515,B2.5IV
100917,,20.521893,49.220297,5.44,Cyg,122.399,M2III
100934,,20.525112,74.954619,5.18,Dra,121.3592,A0p...
101019,,20.539915,-9.853384,5.66,Cap,24.4021,G3V
101095,Aldulfin,20.553547,11.303263,4.03,Del,101.3171,B6III
101101,,20.554894,-80.964862,5.76,Oct,160.0,G6/G8II
101148,,20.565052,35.250852,4.61,Cyg,847.4576,K2Ib comp
101149,,20.565234,46.693866,5.78,Cyg,132.2751,B9sp...
101151,,20.565297,-44.516048,5.12,Mic,71.736,K0III
101156,,20.565845,13.027255,5.39,Del,72.4113,A3IVs
101263,,20.588482,14.674213,4.64,Del,67.4764,A3V
101285,,20.593003,-60.581749,4.75,Pav,27.7932,F1III
101365,,20.61212,-2.549957,4.91,Aql,398.4064,K5II
101389,,20.617964,26.461947,5.59,Vul,97.371,B9V
101442,Rotanev,20.625816,14.595087,3.64,Del,30.931,F5IV
101445,,20.626116,-47.291502,3.11,Ind,30.1477,K0III
101446,,20.626465,-61.529918,4.86,Pav,58.1395,Fm delta Del
101472,,20.630311,11.377676,5.42,Del,57.9374,A2V
101515,,20.638501,-81.289063,5.89,Oct,195.6947,K5III
101519,,20.638967,-1.105121,4.31,Aql,103.4126,G8III SB
101539,,20.642038,21.201174,4.81,Vul,71.3776,A0V
101540,,20.642198,24.115958,5.06,Vul,160.2564,B5IV
101542,,20.643053,23.680494,5.91,Vul,625.0,K0II-III+..
101553,,20.645552,13.315125,5.69,Del,617.284,K3Ib
101570,,20.649867,30.334265,5.68,Cyg,108.5776,K2III
101580,,20.65138,15.838199,5.99,Del,413.2231,B3V
101587,,20.652161,10.086203,5.07,Del,30.1205,G5IV+...
101594,,20.654533,-14.95476,5.24,Cap,348.4321,B7III
101607,,20.656914,0.486445,5.15,Aqr,71.4796,K1III
101629,Sualocin,20.660635,15.912072,3.77,Del,77.821,B9V
101654,,20.667347,-60.548892,5.11,Pav,24.6609,F8V
101655,,20.667485,-18.138659,5.15,Cap,177.9359,M1III
101657,,20.667549,43.458878,5.97,Cyg,137.5516,K2III
101684,,20.672174,-33.431843,5.47,Mic,72.6216,K1III
101696,,20.6757,-16.12418,5.79,Cap,100.4016,K0III
101736,,20.684039,32.307287,5.53,Cyg,244.4988,G8IIb
101761,,20.689902,-31.598289,5.75,Mic,138.8889,M1III
101767,Deneb,20.690532,45.280338,1.25,Cyg,432.9004,A2Ia
101824,,20.699028,41.716875,5.68,Cyg,335.5705,B8II-III
101826,,20.699186,-66.760682,5.14,Pav,240.9639,B8Vvar
101831,,20.700731,-76.180592,5.99,Oct,101.1122,F4III-IV
101846,,20.703508,50.34003,5.41,Cyg,390.625,B2V
101877,,20.709755,82.531158,5.75,Dra,108.1081,A0V
101922,,20.719722,66.657447,5.59,Cep,42.7899,A8V
101950,,20.724315,15.074581,4.43,Del,68.4463,A7IIIp d Del
102002,,20.733966,-51.920971,4.51,Ind,24.1721,A6:var
102027,,20.739457,56.488405,5.91,Cep,336.7003,M3III
102057,,20.747919,25.270617,4.92,Vul,99.6016,K2III
102064,,20.749314,-66.203212,3.42,Pav,41.425,A5IV
102091,,20.754811,61.838782,3.41,Cep,14.2653,K0IV
102100,,20.755878,57.579725,4.52,Cep,27.2926,F8IV-V
102122,,20.761043,30.719715,4.22,Cyg,61.6523,K0III
102154,,20.76826,-25.270898,4.13,Cap,14.6778,F5V
102156,,20.769441,-21.514032,5.91,Cap,80.8407,A1V
102157,Aljanah,20.770178,33.970256,2.48,Cyg,22.2916,K0III
102166,,20.772238,-39.199262,5.48,Mic,99.5025,B8/B9V
102200,,20.777462,16.124134,5.15,Del,37.9507,A2Ia+...
102201,,20.77764,16.124296,4.27,Del,38.7297,K1IV
102240,,20.786319,34.374123,4.93,Cyg,136.4256,K3IIIvar
102258,,20.790149,36.490717,4.53,Cyg,235.8491,B6IV
102268,,20.79265,80.552262,5.36,Dra,122.2494,K1III
102287,Albali,20.794598,-9.495776,3.78,Aqr,63.6943,A1V
102293,,20.795621,-5.027701,4.43,Aqr,179.5332,M3IIIvar
102302,,20.796759,6.008209,5.57,Del,131.406,A0V
102304,,20.797025,47.831869,5.6,Cyg,179.8561,K5III
102362,,20.808084,-43.988544,5.11,Mic,35.4233,F1IV
102393,,20.815637,46.114134,4.81,Cyg,714.2857,B3Ia
102441,,20.821559,-25.78124,5.86,Cap,295.858,B8II
102442,,20.821733,-68.776521,5.41,Pav,92.5926,K0III
102459,,20.824709,-46.226826,4.9,Ind,126.5823,K5III
102500,,20.8328,-33.779722,4.89,Mic,116.0093,G8III
102513,,20.834695,44.059304,5.06,Cyg,40.9668,A4me...
102560,,20.844938,-12.544906,5.87,Aqr,80.9717,K1III
102585,,20.850211,-37.913332,5.52,Mic,180.1802,K3III
102614,,20.857152,-5.626633,5.99,Aqr,60.7165,F5IV-V
102618,,20.857844,28.250505,5.66,Vul,369.0037,F5Ib
102619,,20.858347,-51.608179,5.06,Ind,143.0615,K1II/III
102631,,20.860681,-62.429335,5.67,Pav,76.3359,A2
102647,,20.863692,-26.919133,4.12,Cap,258.3979,K4III
102673,,20.868801,27.096979,4.56,Vul,57.8035,G8III
102674,,20.869082,-5.507059,5.55,Aqr,199.2032,B9III
102714,,20.877565,-8.983318,4.73,Aqr,48.216,A3m
102758,,20.887431,44.38726,4.8,Cyg,161.0306,B5V
102763,,20.88849,45.181673,5.48,Cyg,308.642,K0II
102796,,20.894494,-39.809865,5.34,Mic,122.6994,K2III
102814,,20.898304,33.437891,5.47,Cyg,184.1621,K5III
102868,,20.909344,28.057621,5.03,Vul,178.5714,K4III
102887,,20.912304,75.92557,5.99,Cep,124.3781,G5III
102894,,20.913283,-17.922894,5.78,Cap,111.8568,K0III
102895,,20.913498,-58.454155,3.67,Ind,187.6173,K0III
102962,,20.926858,13.721536,5.19,Del,147.0588,K0III
102966,,20.927381,12.568558,5.54,Del,60.4961,A4V
102980,,20.930501,47.417656,5.68,Cyg,100000.0,B8Ia
103027,,20.940407,50.728598,5.83,Cyg,51.2821,F0III
103028,,20.940526,49.195847,5.92,Cyg,234.7418,G8II-III
103039,,20.942994,44.924722,5.96,Cyg,100000.0,O6...
103057,,20.946479,-26.296378,5.7,Cap,21.9684,F7V
103069,,20.948341,-9.697545,5.49,Aqr,167.5042,K5III
103081,,20.952893,41.167136,3.94,Cyg,114.8106,A1Vn
103128,,20.96129,-16.031539,5.89,Cap,54.8546,A2/A3III
103179,,20.971209,22.325908,5.3,Vul,138.6963,K4III
103187,,20.972067,44.471711,5.55,Cyg,79.3021,G8III
103195,Musica,20.973871,10.839286,5.51,Del,75.3012,G6III:
103198,,20.975009,50.461791,5.59,Cyg,331.1258,B5Vn
103213,,20.978289,-14.483128,5.95,Aqr,87.184,A9V
103237,,20.984577,4.293481,5.3,Equ,54.0833,F5III...
103240,,20.984753,4.29461,5.24,Equ,56.5611,G0V
103266,,20.990377,59.438594,5.54,Cep,188.6792,K4III
103300,,20.997098,47.520951,4.74,Cyg,434.7826,B1ne
103320,,21.001106,7.516197,5.98,Equ,75.815,A7V
103341,,21.005976,-51.265312,5.76,Ind,28.0112,F5IV-V
103344,,21.007691,19.329581,5.69,Del,160.5136,M3III
103400,,21.019702,46.155773,5.38,Cyg,467.2897,B1V
103406,,21.021517,-32.257767,4.67,Mic,70.2247,G8III
103478,,21.035834,56.669614,5.83,Cep,282.4859,B8III
103504,,21.040873,-38.53097,5.93,Mic,67.3401,K2III
103550,,21.049433,-38.631447,5.32,Mic,35.3732,F3V
103624,,21.063225,53.2859,5.93,Cyg,114.2857,K0III
103649,,21.067979,-5.823066,5.53,Aqr,153.8462,G4
103684,,21.073417,-19.854991,4.82,Cap,49.505,A5V
103696,,21.076292,5.502862,5.63,Equ,235.8491,K5III
103708,,21.078621,-77.023767,5.13,Oct,43.535,F4III
103725,,21.082184,43.927852,3.72,Cyg,258.3979,K5Ibv SB
103750,,21.08729,-54.727042,5.17,Ind,112.1076,K2III
103766,,21.090756,5.958199,5.94,Equ,48.9237,F8V
103770,,21.09145,78.126392,5.91,Cep,123.4568,B8Vn
103804,,21.099118,-17.232861,4.08,Cap,49.7265,A1V
103813,,21.100317,-30.12512,5.69,Mic,92.4214,K0/K1III
103836,,21.10649,71.431797,5.88,Cep,48.7329,F3IV
103839,,21.106855,-32.341618,5.2,Mic,100.6036,K2III
103842,,21.107087,-41.385965,5.55,Mic,218.3406,K3III
103850,,21.108401,31.184657,5.77,Cyg,518.1347,F7.5Ib-IIv
103859,,21.110026,47.648403,4.56,Cyg,316.4557,K4II
103879,,21.114794,38.749415,5.2,Cyg,3.4865,K5V
103899,,21.118797,-25.005853,4.49,Cap,139.8601,K5/M0III
104027,,21.142417,-63.92826,5.75,Pav,156.9859,K0III
104028,,21.142673,-21.193669,5.3,Cap,55.1268,A0V
104034,,21.144135,30.205637,5.6,Cyg,115.7407,B9V
104046,Polaris Australis,21.146119,-88.956499,5.45,Oct,86.1326,F0III
104102,,21.156052,-73.172968,5.67,Pav,19.7668,G3IV
104122,,21.159902,-11.371693,4.5,Aqr,48.852,G8III
104180,,21.17099,53.5631,5.75,Cyg,135.8696,B9III
104184,,21.172361,10.131579,4.7,Equ,36.2976,F0p
104305,,21.196733,59.98661,5.64,Cep,100000.0,B0V
104342,,21.203806,-40.269362,5.83,Mic,31.6656,F5IV
104394,,21.215607,30.226916,3.21,Cyg,43.8789,G8II SB
104400,,21.21751,-39.424922,5.25,Mic,32.9598,F5V
104412,,21.221479,-27.619333,5.41,Mic,112.4859,K3III
104414,,21.221933,-36.423527,5.97,Mic,112.1076,K0III
104417,,21.222351,-70.126267,5.06,Pav,273.9726,M2III
104520,,21.241337,10.006981,4.47,Equ,18.4877,F5V+...
104549,,21.246517,38.045317,3.74,Cyg,20.3417,F1IV
104625,,21.260528,-20.651696,5.17,Cap,197.2387,K0II/III
104630,,21.261779,77.012296,5.92,Cep,291.5452,K5III
104637,,21.262456,-15.1715,5.31,Cap,187.6173,M2III
104641,,21.262738,-53.263084,5.73,Ind,131.2336,A6IV
104649,Kitalpha,21.263731,5.247845,3.92,Equ,58.3431,G0III+...
104742,,21.287289,55.798001,6.0,Cep,369.0037,K3III
104764,,21.290265,39.394681,4.22,Cyg,884.9558,B9Iab
104800,,21.298632,34.896898,4.41,Cyg,196.8504,B2Vne
104802,,21.298966,-32.172539,4.71,Mic,55.8659,A0V
104805,,21.299246,-17.985138,5.4,Cap,163.6661,B5II/III
104826,,21.303076,-4.519478,5.83,Aqr,311.5265,B5V
104848,,21.307551,43.945945,5.04,Cyg,100000.0,O8
104861,Alderamin,21.30963,62.585573,2.45,Cep,15.0376,A7IV-V
104886,,21.314452,11.203373,5.97,Equ,289.0173,K5III
104920,,21.321025,58.623502,5.51,Cep,591.716,B3Vv comp
104929,,21.322828,38.237473,5.89,Cyg,662.2517,F2Ib
104930,,21.322838,64.871855,5.19,Cep,609.7561,B3IVe
104943,,21.324652,49.510294,5.75,Cyg,167.2241,B6V
104979,,21.331096,-53.449427,4.39,Ind,30.2847,A5V
105041,,21.346008,-40.809465,4.8,Mic,60.4595,A2p
105071,,21.351217,23.855966,5.58,Peg,82.9187,K1III
105072,,21.351199,-4.560125,5.87,Aqr,90.9091,G7III:
105073,,21.35134,7.354503,5.81,Equ,200.8032,M2III
105156,,21.36678,49.388848,5.68,Cyg,100.9082,K0III
105162,,21.36811,19.804508,4.08,Peg,47.7783,K1III
105175,,21.370776,-16.834542,4.28,Cap,60.3136,G8III
105229,,21.381559,6.81114,5.16,Equ,101.4199,A3V
105233,,21.382293,-9.31933,5.99,Aqr,224.2152,M0III
105235,,21.38347,-22.669048,5.63,Cap,237.5297,M0III
105311,,21.399672,24.274135,5.7,Vul,51.8135,F1IV
105324,,21.402665,-20.851869,5.38,Cap,73.3676,K0III
105327,,21.403192,-12.878108,5.48,Aqr,47.1032,F0V
105355,,21.406893,-41.006695,5.76,Mic,119.7605,A0III
105362,,21.409445,26.17456,5.67,Vul,68.6342,A8III
105386,,21.413729,80.524826,5.97,Cep,111.1111,G6III:
105420,,21.420285,-9.748552,5.71,Aqr,91.8274,F0IV
105426,,21.421377,-3.556747,5.48,Aqr,119.0476,K4III
105428,,21.422083,46.714341,5.59,Cyg,33.4672,F0V
105471,,21.429729,36.667386,5.93,Cyg,100000.0,B0Ib
105513,,21.43968,-37.829429,5.64,Mic,80.8407,K2III
105519,,21.440705,-65.366198,4.21,Pav,9.2618,F6V
105540,,21.444452,-22.411332,3.77,Cap,118.2033,G4Ibp...
105557,,21.447668,48.835168,5.29,Cyg,126.1034,A6pe...
105572,,21.450454,-42.54793,5.5,Mic,56.4334,Am
105587,,21.454117,-21.19621,5.78,Cap,171.8213,K3III
105601,,21.455935,37.116798,5.3,Cyg,400.0,B3V
105625,,21.461126,27.608593,5.39,Vul,58.3431,A1V
105631,,21.46282,66.809096,5.42,Cep,246.9136,B7V
105662,,21.468955,32.22533,5.75,Cyg,44.7227,F0V
105691,Alfirk,21.477662,70.560716,3.23,Cep,210.084,B2IIIv SB
105698,,21.478721,-21.80718,4.5,Cap,52.4659,K0III
105703,,21.479121,-69.505386,5.47,Pav,126.2626,M5III
105721,,21.483271,22.179436,5.84,Peg,204.0816,M4III
105752,,21.490816,46.540585,5.22,Cyg,66.4452,K0III
105798,,21.499137,23.638838,4.52,Peg,120.7729,M1III
105885,,21.51647,60.459432,5.53,Cep,462.963,B1II
105936,Sadalsuud,21.525982,-5.571172,2.9,Aqr,164.7446,G0Ib
105985,,21.534965,-41.17931,5.29,Gru,142.8571,K0III
105998,,21.537381,-33.944623,5.97,PsA,154.321,A2V
106051,,21.549052,49.977629,5.77,Cyg,151.0574,A0V
106087,,21.556534,-44.8487,5.57,Gru,200.4008,K0III
106139,,21.56635,45.591837,3.98,Cyg,37.8931,G8III
106210,,21.579596,38.534054,4.87,Cyg,70.9723,K1III
106217,,21.580848,-20.084274,5.7,Cap,27.1003,F5V
106250,,21.588228,-3.983305,5.79,Aqr,128.2051,G9III:
106300,,21.600689,45.374591,5.96,Cyg,174.8252,M4IIIe-M6e
106313,,21.603046,-26.171516,5.73,PsA,58.4454,A7/A8IV
106369,,21.615827,40.413521,5.04,Cyg,65.8328,A5V
106381,,21.618008,-19.466011,4.51,Cap,323.6246,B3V:p
106444,Bunda,21.629197,-7.854201,4.68,Aqr,54.7645,A7V
106445,,21.629285,19.318607,5.46,Peg,98.4252,F1IV
106459,,21.632007,62.08194,4.76,Cep,100000.0,B2Ib
106513,,21.642205,5.771742,5.66,Peg,54.7046,A9IV-Vn
106543,,21.649339,57.489037,5.74,Cep,606.0606,O6 (f)
106554,,21.650329,20.265451,5.77,Peg,39.7456,F2V
106601,,21.65924,2.243558,5.1,Aqr,69.4444,K0III
106642,Nashira,21.668181,-16.662308,3.69,Cap,48.1464,A7III:mp...
106656,,21.669749,43.273839,5.09,Cyg,123.7624,M1IIIvar
106746,,21.691253,-77.390046,3.73,Oct,21.1999,K0III
106752,,21.692462,-14.047611,5.16,Cap,33.2336,G2V
106776,,21.698652,71.311417,4.55,Cep,55.9284,K0III
106785,,21.700192,-23.262858,5.24,Cap,70.7214,K0III
106786,,21.700301,35.5102,5.98,Cyg,625.0,C6.3
106795,Azelfafage,21.701573,51.189622,4.69,Cyg,529.1005,B3IV
106801,,21.702809,1.285253,5.66,Aqr,342.4658,K2III
106808,,21.704292,5.680137,5.3,Peg,223.7136,M2III
106819,,21.706376,41.077019,5.73,Cyg,126.4223,A0V
106845,,21.710973,-18.866323,4.72,Cap,90.1713,G8III
106887,,21.717806,72.320084,5.18,Cep,74.9625,K0III
106889,,21.717888,-14.399709,5.88,Cap,133.5113,A9/F0V
106892,,21.718465,41.15497,5.51,Cyg,196.8504,M2III
106910,,21.723791,38.283589,5.69,Cyg,84.1751,A0V
106916,,21.725127,58.780046,4.23,Cep,100000.0,M2Ia
106959,,21.733602,-14.74937,5.96,Cap,52.9942,A7IV/V
106967,,21.73571,28.742632,4.49,Cyg,22.237,F6V
106972,Enif,21.736433,9.875011,2.38,Peg,211.4165,K2Ibvar
107005,,21.74186,17.350017,4.34,Peg,284.0909,G5Ib
107007,,21.742035,14.771939,5.96,Peg,17.8859,G0V
107011,,21.744092,25.645036,4.14,Peg,34.2231,F5IV
107031,,21.748134,62.460567,5.94,Cep,917.4312,O9II
107037,,21.749113,-33.025781,4.35,PsA,62.6174,B9.5V
107039,,21.750071,-9.082428,5.1,Cap,242.7184,G8II-III
107075,,21.75748,61.120806,4.25,Cep,100000.0,A2Iavar
107129,,21.767879,22.94888,5.29,Peg,427.3504,K0Ib
107144,,21.771186,-9.275935,6.0,Cap,363.6364,M3III
107174,,21.775583,-11.365954,5.57,Cap,86.3558,A1V
107190,,21.779891,49.30957,4.23,Cyg,338.9831,B3III
107213,Deneb Algedi,21.784011,-16.127286,2.85,Cap,11.8666,A5mF2 (IV)
107232,,21.787212,2.686124,5.63,Peg,174.5201,A1V
107243,,21.790362,60.692689,5.53,Cep,140.4494,M1III
107265,,21.795598,-30.898304,5.02,PsA,98.4252,A1V
107306,,21.804363,-47.303615,5.57,Gru,15.9949,G2V
107420,,21.830748,30.174215,5.07,Peg,84.246,A1Vs
107430,,21.833369,-64.712537,5.62,Ind,103.6269,K1III
107445,,21.835749,17.285851,5.34,Peg,33.4225,F2III-IV
107492,,21.846448,-69.629416,5.52,Ind,166.6667,M0III
107500,,21.848413,-82.718904,5.27,Oct,125.4705,G8/K0III+..
107544,,21.859513,19.826682,5.78,Peg,161.5509,B8III
107587,,21.866954,55.796743,5.7,Cep,460.8295,B6IV-V
107632,,21.874978,28.793538,5.52,Peg,27.4499,F6IVwvar
107679,,21.88438,25.92514,5.09,Peg,193.7984,B3V
107693,,21.888268,-13.551768,5.08,Cap,26.617,F3IV
107717,,21.893717,19.668437,5.69,Peg,72.3066,A0Vs
107742,Aldhanab,21.898808,-37.364852,3.0,Gru,64.7249,B8III
107759,,21.902881,-4.27618,5.71,Aqr,89.6861,K2III
107822,,21.914766,56.611227,5.74,Cep,100000.0,B8Ibvar
107852,,21.919823,-61.886608,5.92,Ind,46.4684,F1III
107883,,21.925276,65.320809,5.84,Cep,314.4654,B2.5Ve
107949,,21.939659,-37.253655,5.45,Gru,102.9866,A3V
107972,,21.944207,63.625557,5.11,Cep,751.8797,M2 comp
107994,,21.948992,12.076492,5.54,Peg,122.8501,A2Vnn
108086,,21.965293,-54.992575,4.4,Ind,57.6701,F0IV
108160,,21.981532,62.697986,5.96,Cep,284.0909,M3III
108190,,21.987518,73.179896,5.04,Cep,36.7242,F5V
108198,,21.988307,-38.395096,5.5,Gru,132.626,K1II/III
108267,,22.002202,6.717437,6.0,Peg,328.9474,B3III
108316,,22.013951,-28.453736,5.43,PsA,250.6266,B8/B9V+...
108346,,22.01806,0.604715,5.6,Aqr,219.2982,K4III:
108348,,22.018152,13.119823,5.61,Peg,77.2201,F4III
108354,,22.019232,8.257164,5.65,Peg,165.8375,K5III
108413,,22.030718,52.882253,5.79,Cyg,306.7485,B5III
108427,,22.034604,58.000366,5.55,Cep,934.5794,O9V
108499,,22.049074,44.649863,5.57,Cyg,151.0574,A0IV
108503,,22.051044,-76.118427,5.94,Oct,62.5782,F3III
108522,,22.054572,-6.522406,5.55,Aqr,93.1099,K0III
108526,,22.055486,-56.785977,4.69,Ind,3.6224,K5V
108528,,22.055234,-2.155363,4.74,Aqr,133.5113,B7IVe
108529,,22.055287,11.386552,5.83,Peg,193.0502,B9.5V
108573,Kurhah,22.063135,64.627971,4.26,Cep,29.5946,Am
108578,,22.064709,63.11992,5.26,Cep,130.039,M5III
108629,,22.076879,-26.822359,5.97,PsA,377.3585,B3V (+B)
108645,,22.079839,-0.906343,5.29,Aqr,68.1199,A5m
108659,,22.083469,62.785671,5.27,Cep,92.9368,K4III
108671,,22.085775,62.279814,5.07,Cep,632.9114,O9.5Ib
108677,,22.086481,26.673689,5.75,Peg,119.3317,K2III
108710,,22.092964,28.963981,5.69,Peg,106.383,B9Vn
108722,,22.094653,5.05853,4.86,Peg,83.2639,K4III
108728,Sadalmelik,22.096399,-0.319851,2.95,Aqr,160.5136,G2Ib
108735,,22.097496,-59.636072,5.62,Ind,150.6024,K4III
108756,,22.100543,45.014348,5.09,Lac,186.5672,K5III
108765,,22.101914,-39.543353,4.47,Gru,74.239,M0III
108793,,22.107286,-13.869679,4.29,Aqr,53.7057,B8V
108830,,22.116847,25.345112,3.77,Peg,11.7261,F5V
108863,,22.124608,19.475526,5.74,Peg,61.9579,F2V:
108894,,22.130641,21.702926,5.79,Peg,186.5672,B7Vn
108922,Alnair,22.137209,-46.960975,1.73,Gru,30.9693,B7IV
108939,,22.139722,-32.988468,4.5,PsA,41.6493,A2V
108943,,22.140537,-34.043841,4.99,PsA,130.039,K4III
108986,,22.14972,-18.519592,5.8,Aqr,714.2857,B2III
109006,,22.153789,33.172337,5.58,Peg,88.4956,G6III:
109054,,22.163441,72.341207,4.79,Cep,120.919,G8III
109058,,22.165473,-34.014967,5.37,PsA,63.3714,A5IV
109064,,22.166457,33.178224,4.28,Peg,80.6452,F5III
109076,,22.169093,-32.548407,4.94,PsA,18.2782,F6V
109081,Biham,22.169996,6.197865,3.52,Peg,28.2965,A2V
109120,,22.176041,-4.266855,5.98,Aqr,101.9368,K0III-IV
109125,,22.177065,11.624539,5.78,Peg,208.7683,M1III
109126,,22.177078,-11.564939,5.43,Aqr,137.931,B5III
109128,,22.177462,70.132573,5.52,Cep,33.5909,F2V
109146,,22.180908,58.201261,3.39,Cep,256.4103,K1Ibv SB
109176,,22.186069,50.823393,5.38,Lac,56.1482,A5V
109210,,22.191828,59.414488,5.05,Cep,606.0606,O6e
109226,,22.196848,56.839357,5.24,Cep,37.3552,F8V
109231,,22.197592,16.040551,5.93,Peg,54.9451,K1III
109246,,22.20056,60.759095,5.37,Cep,112.1076,K1III
109256,,22.202248,24.950641,5.97,Peg,100000.0,K0
109274,,22.206235,63.291035,5.76,Cep,290.6977,M3III
109308,,22.213284,34.604592,5.34,Peg,79.1139,K2III
109347,,22.219501,86.107955,5.27,Cep,78.6782,B9.5Vn
109384,,22.227415,28.608017,5.87,Peg,74.8503,K2III
109391,,22.229008,-25.180905,5.58,PsA,77.3994,F7II
109399,,22.230339,45.440613,5.53,Lac,77.1605,A0III
109408,,22.231312,39.714927,4.5,Lac,147.929,K3III
109440,,22.238342,-21.074566,5.33,Aqr,71.582,K1III
109443,,22.238542,-27.766908,5.45,PsA,153.6098,B7V
109485,,22.245656,42.95391,5.72,Lac,82.3723,A2Vnn
109511,,22.250544,57.043587,4.18,Cep,26.1986,F0IV
109562,,22.260253,-41.3467,4.79,Gru,84.246,G8III+...
109591,,22.26616,37.748737,4.14,Lac,190.4762,K3III
109626,,22.274039,57.220238,5.88,Cep,189.0359,G8III
109627,,22.274045,-41.627225,5.11,Gru,81.367,G8III
109654,,22.280012,-12.831436,5.34,Aqr,179.8561,K1III
109657,Ancha,22.280565,-7.78329,4.17,Aqr,57.4713,G8III-IV
109663,,22.281268,-9.040067,5.8,Aqr,113.2503,K3III:
109677,,22.285139,-5.387164,5.75,Aqr,94.7867,G6III
109733,,22.297409,-77.511553,5.49,Oct,38.4911,F3III
109757,,22.303505,62.804388,5.75,Cep,282.4859,K3III
109763,,22.304289,-53.627073,5.36,Gru,13.7855,G1V
109784,,22.308371,-60.259587,2.87,Tuc,61.237,K3III
109833,,22.316872,-13.304995,5.96,Aqr,113.3787,K0III
109912,,22.333754,-80.439747,5.09,Oct,89.1266,M6III
109927,,22.336643,-7.821102,5.35,Aqr,270.2703,B8IIIMNp...
109952,,22.340994,5.789498,5.37,Peg,390.625,B5IV
110005,,22.350428,46.536569,4.55,Lac,170.068,B6V
110025,,22.355372,28.330529,4.78,Peg,213.2196,B9III
110040,,22.358632,12.205186,4.82,Peg,497.5124,B2IV-V
110045,,22.35988,-21.59823,5.12,Aqr,52.4384,K0III
110049,Sadachbia,22.360938,-1.387331,3.86,Aqr,50.2008,A0V
110160,,22.385535,-45.928488,5.62,Gru,40.0,F3III-IV
110183,,22.391901,-24.762661,5.53,Aqr,80.3213,K0IIICN...
110186,,22.392264,-7.194421,5.92,Aqr,143.0615,G6V
110192,,22.392675,52.229046,4.42,Lac,52.1105,G9III
110232,,22.401912,-4.83702,5.79,Aqr,124.3781,A0V
110256,,22.407517,-13.529369,5.76,Aqr,140.4494,K0III
110263,,22.408609,49.476392,4.55,Lac,689.6552,B9Iab
110271,,22.409764,-72.255412,5.28,Ind,28.7026,A3V: + F9V
110303,,22.415638,-57.797415,5.31,Tuc,20.5634,F9V
110322,,22.419573,-70.431622,5.78,Ind,49.456,F3III
110326,,22.421284,1.377401,4.8,Aqr,239.8082,B1Ve
110379,,22.433554,70.770898,5.47,Cep,153.6098,K2III
110432,,22.442853,-16.742138,5.55,Aqr,20.202,G3V
110439,,22.443718,4.393766,5.76,Peg,38.1534,F7V
110441,,22.445122,78.785853,5.83,Cep,63.1712,A2m
110471,,22.451475,65.13227,5.52,Cep,100000.0,B0.5Ib
110492,,22.455531,-64.966354,4.51,Tuc,76.9231,B8V
110527,,22.462847,31.840045,6.0,Peg,265.9574,K2
110536,,22.464312,4.695664,4.78,Peg,45.4752,K0III
110589,,22.477091,-67.489059,5.56,Ind,43.122,A3V
110591,,22.477557,-39.131792,5.47,Gru,87.4126,G8III
110614,,22.480531,-0.019972,3.65,Aqr,28.169,F3III-IV
110639,,22.485551,9.129034,5.6,Peg,182.8154,K5III
110644,,22.486174,26.763198,5.79,Peg,384.6154,K2II
110645,,22.486183,58.415198,4.07,Cep,265.252,G2Ibvar
110650,,22.487825,-43.495565,3.97,Gru,94.8767,G6/G8III
110675,,22.492173,47.706887,4.34,Lac,505.0505,M0II
110696,,22.495955,-43.749224,4.12,Gru,101.2146,M4.5IIIa
110698,,22.496114,-27.107284,5.95,PsA,39.8724,F0V
110709,,22.498047,78.824285,5.45,Cep,75.1315,A3V
110715,,22.499427,4.43169,5.51,Peg,51.8672,F5IVs
110721,,22.500503,32.572638,5.64,Peg,110.4972,B9.5V
110757,,22.508128,43.123376,4.52,Lac,526.3158,B2IV
110776,,22.510782,-10.67795,4.82,Aqr,88.8099,A0IVs
110822,,22.521515,50.282491,3.76,Lac,31.4564,A1V
110841,,22.52509,-32.346073,4.29,PsA,43.7828,A1V
110849,,22.527168,-85.967253,5.76,Oct,99.4036,K0III
110895,,22.537851,76.226441,5.7,Cep,240.9639,A2V
110911,,22.54066,39.779733,5.88,Lac,209.6436,A6V
110961,,22.55001,-61.982122,4.91,Tuc,88.968,M4III
111013,,22.561281,56.624737,5.72,Lac,105.5966,G8III-IV
111045,,22.567476,-1.57427,5.88,Aqr,106.6098,G6III
111099,,22.57823,-20.708216,5.21,Aqr,22.6809,F7V
111147,,22.589272,-0.117498,4.04,Aqr,51.4668,B9IV-Vn
111165,,22.593437,-23.991094,5.97,Aqr,92.9368,K1III
111182,,22.596077,73.643188,5.08,Cep,54.8847,F3III-IV
111196,,22.597857,39.634331,5.73,Lac,662.2517,B1Ve
111250,,22.609846,-31.663789,5.82,PsA,109.6491,K2III
111292,,22.616346,-40.591034,5.85,Gru,65.8328,A1V
111310,,22.620247,75.371811,5.8,Cep,214.1328,M1III
111323,,22.622899,51.545123,4.64,Lac,52.6316,A8IV
111359,Situla,22.629273,-4.228056,5.04,Aqr,65.5738,K2III
111443,,22.64386,56.795632,5.11,Lac,138.3126,M4III
111445,,22.644182,63.584472,5.19,Cep,88.0282,A3IV
111457,,22.647629,-33.081347,5.66,PsA,129.8701,A0V
111458,,22.647942,19.522263,5.84,Peg,114.4165,G8II
111489,,22.654355,39.050269,4.89,Lac,529.1005,O9V
111572,,22.671779,53.845927,5.94,Lac,112.3596,B8V
111580,,22.672866,-30.658871,5.88,PsA,212.766,K2/K3III
111591,,22.675233,44.276305,4.5,Lac,102.0408,K3III
111601,,22.677594,-27.043617,4.18,PsA,149.2537,B8V
111614,,22.680247,-57.422322,5.98,Tuc,261.0966,K4III
111621,,22.681299,14.549161,5.72,Peg,33.7952,G3V+...
111676,Homam,22.691033,10.831364,3.41,Peg,62.6566,B8.5V
111678,,22.691292,40.225449,5.25,Lac,411.5226,B2IIIv SB
111688,,22.69334,41.549123,5.93,Lac,91.7431,G9III
111698,,22.695947,29.307641,4.8,Peg,91.5751,A1IV
111713,,22.699293,14.516393,5.92,Peg,84.9618,K0III:
111763,,22.710245,-47.210813,5.99,Gru,23.6351,G0
111768,Tiaki,22.711115,-46.884577,2.07,Gru,54.2594,M5III
111804,Matar,22.716704,30.221245,2.93,Peg,65.703,G2II-III..
111849,,22.724993,-41.414347,4.84,Gru,70.6215,K0III
111857,,22.726454,-18.830375,4.68,Aqr,132.8021,K3III
111887,,22.734782,39.465348,5.93,Lac,212.3142,K5III+...
111888,,22.734856,41.819235,5.11,Lac,78.6782,K0III
112018,,22.760519,-53.500121,4.84,Gru,127.2265,K2IIICNIV
112025,,22.761331,-46.547328,5.52,Gru,241.5459,K3III
112050,,22.767692,-81.381615,4.13,Oct,45.7666,A9IV/V
112061,,22.769497,44.546054,5.84,Lac,56.9152,F0III-IV
112084,,22.775521,23.565654,3.97,Peg,111.9821,G8II-III
112090,,22.778216,12.172888,4.2,Peg,16.2973,F7V
112160,,22.791378,83.15383,4.77,Cep,96.0615,K3III
112170,,22.792535,-19.613375,5.24,Aqr,77.8816,G8III
112183,,22.795213,-14.056428,5.68,Aqr,97.371,B9V
112231,,22.803067,37.416688,5.82,Lac,103.3058,G8III:
112263,,22.809239,-51.316864,3.49,Gru,39.5257,A3V
112357,,22.826528,-13.592632,4.05,Aqr,97.371,K5III
112364,,22.82802,66.200408,3.5,Cep,35.3482,K0III
112372,,22.829521,55.902777,5.43,Lac,121.8027,K1III
112389,Sadalbari,22.833385,24.601579,3.51,Peg,32.5309,M2III
112419,,22.839381,41.953394,5.91,Lac,348.4321,B3IV:var
112421,,22.839655,-80.123845,5.32,Oct,151.0574,B6IV
112474,,22.850599,-39.156834,5.43,Gru,236.9668,K3III
112475,,22.850818,85.373739,5.89,Cep,133.3333,K5
112502,,22.855817,-29.536309,5.99,PsA,98.912,G8/K0III
112504,,22.856268,61.69674,5.61,Cep,72.7273,G2IV+...
112557,,22.867225,43.312417,4.95,Lac,99.7009,M0III
112575,,22.873353,9.835664,5.16,Peg,27.2777,F7IV
112588,,22.875427,-32.875504,4.46,PsA,66.0502,A0III
112601,,22.87691,-7.579599,3.73,Aqr,118.0638,M2IIIvar
112637,,22.883963,16.841194,5.86,Peg,89.5255,K1III SB
112670,,22.891307,-11.616514,5.8,Aqr,253.1646,B8IV/V
112688,,22.894488,44.749163,5.79,Lac,56.9152,A3m
112724,,22.901935,40.376907,5.82,Lac,93.1966,K0III
112756,,22.906789,84.346177,4.7,Cep,109.0513,K4III
112776,Skat,22.910837,-15.82082,3.27,Aqr,49.2368,A3V
112788,,22.912632,-16.271957,5.53,Aqr,41.1862,K1III
112814,,22.917399,37.076827,5.91,Lac,39.0168,F5II
112824,,22.919711,-4.987899,5.72,Aqr,83.4028,K0III-IV
112826,,22.920464,8.816166,4.91,Peg,95.6938,A1V
112862,,22.929029,36.35139,5.73,Lac,191.2046,B7III
112886,,22.932472,-32.539628,4.2,PsA,47.259,G8III
112921,,22.939897,41.603876,5.6,Lac,390.625,B2IV
112928,,22.940555,49.733544,4.99,Lac,490.1961,K5Ibvar
112947,,22.946613,-47.969221,5.72,Gru,74.6269,Am...
112967,,22.95125,48.684068,5.34,Lac,251.8892,B4IIIpe
112997,Helvetios,22.95777,20.768832,5.45,Peg,15.6079,G5V
113008,Fomalhaut,22.960838,-29.622236,1.17,PsA,7.7036,A3V
113143,,22.986615,11.728844,5.76,Peg,94.3396,A7V
113161,,22.99096,0.962927,5.43,Psc,91.659,K1III:
113172,,22.993266,-29.462311,5.51,PsA,95.7854,F0V
113201,,23.001417,56.945374,5.1,Cas,100000.0,G0Ia
113202,,23.001607,-25.16418,5.66,PsA,210.5263,K0IICNIII
113262,,23.011917,3.011805,5.85,Psc,136.612,K4III
113278,,23.014677,-52.754137,4.11,Gru,33.3778,G8III
113297,,23.018763,-50.950028,5.68,Gru,149.7006,K3III
113309,,23.02205,-28.85396,5.55,PsA,163.9344,K3III
113326,,23.025475,-4.711461,5.94,Aqr,452.4887,K0
113366,,23.032017,42.325979,3.62,And,210.5263,B6pv SB
113428,,23.043436,42.757795,5.09,And,129.199,A3Vn
113441,,23.045626,-20.870712,5.97,Aqr,73.4754,K0III
113500,,23.05828,-34.749412,5.12,PsA,29.4204,A9V
113504,,23.059128,67.20921,5.25,Cep,126.7427,K3III
113521,Scheat,23.062901,28.082789,2.44,Peg,60.0962,M2II-IIIvar
113529,Fumalsamakah,23.064615,3.820045,4.48,Psc,125.1564,B6Ve
113541,,23.066566,-41.478896,5.79,Gru,95.3289,K0III
113559,,23.069702,50.052091,4.64,And,54.1712,K0III
113597,,23.077668,-53.964905,5.37,Gru,111.6071,K5III
113603,Markab,23.079348,15.205264,2.49,Peg,40.8831,B9.5III
113609,,23.08116,-68.820226,5.53,Ind,53.4474,F4III
113636,,23.086052,-7.693801,5.44,Aqr,64.2261,F2V
113743,,23.110226,59.41976,4.84,Cas,346.0208,B0.5IV
113757,,23.111345,-23.743115,4.48,Aqr,66.313,G8III
113770,,23.11465,-43.520358,4.28,Gru,40.4367,F5me...
113771,,23.114894,-38.892293,5.62,Gru,87.3362,A0V
113783,,23.116739,9.409492,4.54,Peg,100.8065,M2III
113794,,23.118539,25.468259,4.76,Peg,181.4882,K0IIp
113806,,23.120774,-50.686681,5.81,Gru,45.7038,F6.5IV-V+..
113828,,23.124642,21.134251,5.97,Peg,39.4011,A5V
113839,,23.127575,46.387231,5.3,And,106.9519,K5III
113849,,23.12926,49.295776,5.68,And,34.3407,F5V
113861,,23.131623,75.387496,4.41,Cep,75.643,G2III
113893,,23.139186,-28.823697,5.6,Scl,82.4402,G8III
113912,,23.1447,2.127883,5.42,Psc,81.4996,G8IV
113980,,23.157443,-21.17241,3.68,Aqr,82.9876,K1III
113986,,23.158738,8.677161,5.05,Peg,239.8082,M4Sv
114003,,23.162261,59.332692,5.68,Cas,534.7594,A5III
114004,,23.162397,-28.088572,5.88,Scl,199.2032,K2III
114013,,23.165249,-22.457611,4.71,Aqr,154.5595,A3IV:
114019,,23.165955,-42.861292,5.83,Gru,33.4113,F4IV
114027,,23.167072,9.822082,5.39,Peg,248.139,B9III
114045,,23.16937,-40.591547,5.9,Gru,281.6901,M4III
114059,,23.17264,-45.246711,3.88,Gru,56.1798,K0III SB
114068,,23.174235,43.544232,5.91,And,27.6472,F5IV
114087,,23.17851,17.594372,5.68,Peg,155.521,K4III
114158,,23.195608,8.720116,5.15,Peg,74.2942,A5Vn
114208,,23.20916,49.406207,4.53,And,24.5881,F0V
114260,,23.221098,57.168355,5.57,Cas,6.5462,K3Vvar
114279,,23.224029,11.065001,5.85,Peg,105.9322,G5III:
114362,,23.238711,-6.049003,4.22,Aqr,61.9579,M2III
114383,,23.243622,74.231268,5.89,Cep,138.8889,A0V
114413,,23.249611,-41.105397,5.77,Gru,76.5697,K2III
114460,,23.259516,-3.49638,5.56,Aqr,71.2251,A3V
114469,,23.260477,70.88808,5.55,Cep,116.2791,F0IV
114493,,23.264859,-9.087737,4.24,Aqr,45.9348,K0III
114559,,23.277719,-44.489166,5.92,Gru,89.2061,K1III
114562,,23.278405,53.213476,5.58,Cas,20.5044,F7V
114577,,23.280817,-7.726504,4.93,Aqr,187.9699,M3III
114586,,23.282659,-62.001198,5.64,Tuc,20.5381,F7V
114609,,23.286094,3.282289,3.7,Psc,42.3012,G7III
114634,,23.290498,-58.235734,3.99,Tuc,23.0574,F1III
114660,,23.295732,49.0153,4.82,And,172.7116,M2III
114670,,23.298393,-9.182513,4.41,Aqr,123.1527,B5Vn
114692,,23.302739,-40.824361,5.54,Gru,35.4108,F5V
114703,,23.306479,41.773676,5.98,And,129.5337,A7m
114727,,23.3104,68.111445,4.75,Cep,62.2665,K0III
114740,,23.313733,-32.532027,4.41,Scl,55.8659,K1III
114753,,23.316021,-9.61075,4.99,Aqr,80.1925,A0V
114764,,23.318518,-13.458552,5.2,Aqr,21.1193,G6/G8IV
114779,,23.323327,-5.124352,5.56,Aqr,34.1647,F3IV
114781,,23.323363,-18.075376,5.96,Aqr,427.3504,K2/K3III
114789,,23.324945,48.625322,5.44,And,87.7193,K0III
114828,,23.331225,42.078044,5.81,And,147.4926,M0III
114864,,23.339051,5.381307,5.05,Psc,132.626,K2III
114887,Salm,23.343956,23.740337,4.58,Peg,49.5786,A5V
114907,,23.347097,30.414921,5.58,Peg,128.7001,M0III
114916,,23.348123,38.182326,5.77,And,41.9639,F5V
114948,,23.354305,-26.986769,5.65,Scl,101.3171,G5IV
114991,,23.365259,31.812465,5.35,Peg,254.4529,B6III
115031,,23.375702,60.133485,5.56,Cas,526.3158,K3II
115040,,23.377547,-15.039338,5.19,Aqr,65.3595,A3V
115073,,23.382842,-20.10058,3.96,Aqr,50.1002,K0III
115079,,23.384602,12.31391,5.09,Peg,119.0476,K3III
115171,,23.403681,-51.891174,5.75,Gru,180.5054,M0III
115225,,23.413959,62.282806,4.96,Cas,240.9639,M1III
115226,,23.41412,32.384882,5.56,Peg,145.1379,B9III
115255,,23.422062,-56.848985,5.6,Tuc,89.0472,K0III
115258,Alkarab,23.422993,23.404101,4.42,Peg,52.2466,F8IV
115304,,23.434108,-20.642014,4.38,Aqr,86.881,K4III
115348,,23.44349,-52.721603,5.53,Gru,30.7692,F4V
115376,,23.448876,1.255608,4.95,Psc,47.0588,A0p
115381,,23.44999,87.307504,5.56,Cep,102.145,A7IV
115390,,23.45205,42.91201,5.75,And,91.9963,B9III
115404,,23.454157,-58.47611,5.63,Tuc,96.3391,G8III
115405,,23.45458,70.359782,5.6,Cep,65.3595,A6IV
115441,,23.461218,25.167281,5.99,Peg,110.6195,A0MNp...
115465,,23.466138,6.378992,4.27,Psc,45.5373,K1III
115471,,23.46766,-87.482214,5.5,Oct,149.0313,K2III
115543,,23.483598,-63.110656,5.66,Tuc,118.4834,Ap Si
115554,,23.485915,12.760554,4.54,Peg,53.6193,G8III
115626,,23.500536,58.54892,4.89,Cas,190.4762,B3IV
115711,Veritate,23.52149,39.236198,5.22,And,79.1766,K0III
115865,,23.549512,-37.818268,4.38,Scl,53.3618,B9.5IVMNpe.
115881,,23.554618,-20.914504,4.7,Aqr,90.009,A0V
115884,,23.555432,-77.385327,5.82,Oct,31.4367,G2V
115899,,23.557804,22.498775,5.33,Peg,159.4896,M5IIIa
115944,,23.565884,31.325277,4.97,Peg,168.3502,K4III
115957,,23.569171,-1.247567,5.91,Psc,64.9351,A2m
115988,,23.577095,40.236441,5.55,And,80.3213,A1III
115989,,23.577279,33.497328,5.63,Peg,88.968,K0III:
116002,,23.580378,-15.246005,5.95,Aqr,113.8952,K4III
116014,,23.583065,71.642043,5.86,Cep,645.1613,K0Ib
116023,,23.584599,-42.615075,4.69,Phe,76.2777,A2V
116129,,23.606468,2.102222,5.68,Psc,30.9789,F6Vbwvar
116216,,23.625567,44.428994,5.81,And,247.5248,B8V
116218,,23.626056,46.458152,3.81,And,26.4061,G8III-IV
116225,,23.627655,-13.060243,5.66,Aqr,81.9001,K0III
116236,,23.630827,-45.492351,4.74,Phe,61.3874,A2V
116245,,23.632445,18.400667,5.49,Peg,71.3776,A1Vn
116265,,23.63561,43.268073,4.29,And,153.1394,B8V
116287,,23.639926,-76.869552,5.99,Oct,161.8123,K0II/III
116343,,23.652316,50.471733,5.35,And,129.199,B9V
116348,,23.652823,75.292882,5.95,Cep,79.1139,A3V
116361,Errai,23.65582,77.632276,3.21,Cep,14.1024,K1IV
116362,,23.655878,74.002628,5.98,Cep,100.4016,G8III
116392,,23.663074,-14.222178,4.97,Aqr,43.592,A7IV
116402,,23.665289,9.677294,5.99,Peg,54.407,A2m
116405,,23.665844,5.626292,4.13,Psc,13.7137,F7V
116439,,23.673469,44.333932,4.15,And,51.6262,B9IVn
116454,,23.677266,-32.073125,5.3,Scl,89.4454,K0III
116487,,23.685809,-11.680655,5.89,Aqr,107.0664,K0III
116523,,23.692914,-18.027077,5.36,Aqr,232.0186,K4/K5III
116535,,23.696057,-17.816533,4.82,Aqr,257.0694,G2Ib/II
116552,,23.699081,7.250546,5.89,Psc,99.4036,A3Vn
116562,,23.700779,1.780041,4.49,Psc,32.6904,A7V
116591,,23.707729,-15.448033,5.27,Aqr,82.7815,K3III
116605,,23.712039,-14.544905,4.49,Aqr,45.5373,B9V
116653,,23.722878,10.331536,5.09,Peg,189.7533,M2III
116706,,23.733189,29.361454,4.93,Peg,68.7758,K0III
116721,,23.736676,-64.404451,5.73,Tuc,223.2143,K3II
116722,,23.736688,-18.276938,5.24,Aqr,116.144,B9V
116758,,23.744643,-78.791442,5.74,Oct,148.5884,K1III
116851,,23.766922,-18.67834,5.28,Aqr,73.2064,F2:V+...
116854,,23.767234,46.420276,4.97,And,307.6923,G5Ib
116878,,23.773199,3.486811,4.95,Psc,275.4821,C5II
116898,,23.776869,66.782244,5.95,Cep,456.621,B2IV
116932,,23.783866,57.451359,5.55,Cas,492.6108,K3II
116934,,23.784284,58.651989,4.88,Cas,53.3333,K1III
116947,,23.787754,-11.911126,5.74,Aqr,93.5454,K0III
116948,,23.787776,-50.226461,5.18,Phe,185.1852,B3V
117004,,23.798543,67.806808,5.05,Cep,92.9368,A1Vn
117008,,23.79904,-2.761598,5.49,Psc,97.0874,G8III
117080,,23.813937,62.214516,5.43,Cas,100000.0,A3Ia comp
117085,,23.815427,-28.130268,4.59,Scl,42.1408,A0V
117124,,23.824299,1.076131,5.77,Psc,93.1099,A5m
117133,,23.827608,28.842389,5.95,Peg,88.3392,A2m
117135,,23.828044,36.425281,5.86,And,129.7017,G1IIIe
117174,,23.837425,-9.974136,5.93,Aqr,91.1577,K0IV
117200,,23.842579,-14.40149,5.7,Aqr,139.47,K4III
117261,,23.855902,9.313351,5.77,Peg,259.0674,M3III
117262,,23.855927,-18.909163,5.17,Aqr,97.7517,Ap Si
117315,,23.866066,2.930384,5.59,Psc,229.3578,K4II
117321,,23.868518,-82.018818,5.1,Oct,81.3008,G7III
117350,,23.874802,19.120287,5.06,Peg,141.844,M2III
117354,,23.874998,-14.251217,5.85,Aqr,86.3558,K2III
117362,,23.876974,10.94732,5.3,Peg,56.0224,A4Vn
117388,,23.880702,-8.996756,5.76,Aqr,189.0359,K0III
117393,,23.882101,-3.155482,5.93,Psc,137.3626,G9III
117495,,23.906398,57.499382,4.51,Cas,100000.0,F8Iavar
117519,,23.912951,0.109309,5.78,Psc,195.3125,M5IIb
117709,,23.952356,55.705705,5.57,Cas,70.9723,G8Ib
117724,,23.955508,-62.956584,5.95,Tuc,66.0502,A2p
117746,,23.959159,-82.169804,5.72,Oct,93.5454,K0III
117754,,23.959727,-64.298231,5.0,Tuc,47.4383,A1V
117763,,23.962647,25.141401,4.63,Peg,145.9854,M3III
117841,,23.977883,-3.555983,4.88,Psc,71.8907,G9III
117866,,23.982155,-52.745807,5.13,Phe,88.1057,K1III
117875,,23.983482,55.754928,4.88,Cas,100000.0,B1V...
117900,,23.988525,6.863321,4.03,Psc,31.9898,F4IV
117909,,23.991082,-29.485168,5.59,Scl,226.2443,K5III
117913,,23.991472,33.723878,5.81,And,28.9268,F8
117954,,23.998594,-65.577132,4.49,Tuc,114.4165,B9IV
117996,,0.545644,-63.03121,6.0,Tuc,20.9205,A
118084,p Eridani,1.663003,-56.19462,5.8,Eri,8.1466,K2 V
118164,,2.659463,-11.871068,5.6,Cet,27.0343,F5 V
118351,,5.124227,18.647141,5.7,Tau,15.868,G4 V
118360,,5.277926,46.000842,0.96,Aur,12.9383,G0 III
118485,Castor B,7.576827,31.89052,2.85,Gem,15.8053,A m
118562,,8.74494,-54.708074,5.0,Vel,24.4499,
118632,,9.511764,-40.465622,4.65,Vel,18.5563,F0 IV
118645,,9.736603,-27.769033,5.6,Ant,117.7856,F8 V
118742,Alula Australis,11.303118,31.528783,4.33,UMa,10.4167,G0 Ve
118743,Alula Australis B,11.303118,31.528783,4.8,UMa,10.4167,G0 Ve
118838,,12.694171,-1.449235,3.52,Vir,11.8301,F0 V
118869,,13.166389,17.528977,5.17,Com,14.3246,F5 V
118887,,13.398996,54.920471,3.95,UMa,24.1546,A1 m
119003,,15.063245,47.653692,5.96,Boo,12.7567,dG2
119020,,15.38663,30.2862,5.96,CrB,18.622,G2 V
119058,Graffias,16.072774,-11.374611,4.84,Sco,24.3309,F6 IV-V
119059,,16.072774,-11.374611,5.0,Sco,24.3309,F6 IV-V
119106,,16.688157,31.601207,5.4,Her,10.7956,K0 V
119127,Alrakis,17.088714,54.469093,5.63,Dra,23.2558,F7 V
119131,,17.172783,-15.726921,3.4,Oph,25.7931,A3 V
119135,Guniibuu B,17.255734,-26.603215,5.07,Oph,5.9852,K1 Ve
119195,,18.051202,-8.181708,5.24,Oph,52.0291,dF3   J
119198,,18.09099,2.498264,6.0,Oph,5.086,K5 Ve
119259,,19.106847,-37.06474,5.0,CrA,17.8923,F8 V
119397,,21.241391,10.006094,5.4,Equ,18.4809,F7 V
119548,,23.165305,-22.457364,5.9,Aqr,47.619,A3 (IV)
119620,,6.39380555,-52.18111111,5.98,Car,100000.0,G8III
119626,,14.26783333,18.91194444,5.98,Boo,100000.0,A8III
